
=== arm=finetune N_buf=1 seed=1 device=cpu ===
/home/ubuntu/.local/lib/python3.12/site-packages/deepinv/transform/rotate.py:47: UserWarning: The default interpolation mode will be changed to bilinear interpolation in the near future. Please specify the interpolation mode explicitly if you plan to keep using nearest interpolation.
  warn(
The model has 187019 trainable parameters
Train epoch 0: MCLoss=5.238, EILoss=2954.086, TotalLoss=2959.324
Train epoch 1: MCLoss=0.353, EILoss=12.708, TotalLoss=13.06
Train epoch 2: MCLoss=0.473, EILoss=6.995, TotalLoss=7.468
Train epoch 3: MCLoss=0.239, EILoss=0.253, TotalLoss=0.492
Train epoch 4: MCLoss=0.152, EILoss=0.032, TotalLoss=0.184
Train epoch 5: MCLoss=0.113, EILoss=0.025, TotalLoss=0.138
Train epoch 6: MCLoss=0.098, EILoss=0.037, TotalLoss=0.136
Train epoch 7: MCLoss=0.089, EILoss=0.038, TotalLoss=0.127
Train epoch 8: MCLoss=0.079, EILoss=0.025, TotalLoss=0.104
Train epoch 9: MCLoss=0.062, EILoss=0.014, TotalLoss=0.076
Train epoch 10: MCLoss=0.054, EILoss=0.018, TotalLoss=0.072
Train epoch 11: MCLoss=0.055, EILoss=0.02, TotalLoss=0.075
Train epoch 12: MCLoss=0.056, EILoss=0.019, TotalLoss=0.074
Train epoch 13: MCLoss=0.052, EILoss=0.018, TotalLoss=0.07
Train epoch 14: MCLoss=0.047, EILoss=0.017, TotalLoss=0.063
Train epoch 15: MCLoss=0.042, EILoss=0.015, TotalLoss=0.057
Train epoch 16: MCLoss=0.036, EILoss=0.011, TotalLoss=0.048
Train epoch 17: MCLoss=0.033, EILoss=0.01, TotalLoss=0.043
Train epoch 18: MCLoss=0.03, EILoss=0.008, TotalLoss=0.037
Train epoch 19: MCLoss=0.027, EILoss=0.006, TotalLoss=0.033
Train epoch 20: MCLoss=0.024, EILoss=0.005, TotalLoss=0.029
Train epoch 21: MCLoss=0.021, EILoss=0.004, TotalLoss=0.025
Train epoch 22: MCLoss=0.02, EILoss=0.003, TotalLoss=0.023
Train epoch 23: MCLoss=0.018, EILoss=0.003, TotalLoss=0.021
Train epoch 24: MCLoss=0.017, EILoss=0.003, TotalLoss=0.02
Train epoch 25: MCLoss=0.014, EILoss=0.003, TotalLoss=0.017
Train epoch 26: MCLoss=0.011, EILoss=0.003, TotalLoss=0.014
Train epoch 27: MCLoss=0.009, EILoss=0.004, TotalLoss=0.013
Train epoch 28: MCLoss=0.008, EILoss=0.004, TotalLoss=0.012
Train epoch 29: MCLoss=0.008, EILoss=0.003, TotalLoss=0.011
Train epoch 30: MCLoss=0.008, EILoss=0.003, TotalLoss=0.01
Train epoch 31: MCLoss=0.007, EILoss=0.002, TotalLoss=0.01
Train epoch 32: MCLoss=0.007, EILoss=0.002, TotalLoss=0.009
Train epoch 33: MCLoss=0.006, EILoss=0.002, TotalLoss=0.009
Train epoch 34: MCLoss=0.006, EILoss=0.002, TotalLoss=0.008
Train epoch 35: MCLoss=0.005, EILoss=0.002, TotalLoss=0.008
Train epoch 36: MCLoss=0.004, EILoss=0.002, TotalLoss=0.007
Train epoch 37: MCLoss=0.003, EILoss=0.002, TotalLoss=0.006
Train epoch 38: MCLoss=0.003, EILoss=0.002, TotalLoss=0.005
Train epoch 39: MCLoss=0.002, EILoss=0.003, TotalLoss=0.005
Train epoch 40: MCLoss=0.002, EILoss=0.002, TotalLoss=0.005
Train epoch 41: MCLoss=0.002, EILoss=0.002, TotalLoss=0.005
Train epoch 42: MCLoss=0.002, EILoss=0.002, TotalLoss=0.005
Train epoch 43: MCLoss=0.002, EILoss=0.002, TotalLoss=0.004
Train epoch 44: MCLoss=0.002, EILoss=0.002, TotalLoss=0.004
Train epoch 45: MCLoss=0.002, EILoss=0.002, TotalLoss=0.004
Train epoch 46: MCLoss=0.002, EILoss=0.002, TotalLoss=0.004
Train epoch 47: MCLoss=0.002, EILoss=0.002, TotalLoss=0.003
Train epoch 48: MCLoss=0.002, EILoss=0.002, TotalLoss=0.003
Train epoch 49: MCLoss=0.001, EILoss=0.002, TotalLoss=0.003
Train epoch 50: MCLoss=0.001, EILoss=0.002, TotalLoss=0.003
Train epoch 51: MCLoss=0.001, EILoss=0.002, TotalLoss=0.003
Train epoch 52: MCLoss=0.001, EILoss=0.001, TotalLoss=0.003
Train epoch 53: MCLoss=0.001, EILoss=0.001, TotalLoss=0.003
Train epoch 54: MCLoss=0.001, EILoss=0.002, TotalLoss=0.003
Train epoch 55: MCLoss=0.001, EILoss=0.001, TotalLoss=0.003
Train epoch 56: MCLoss=0.001, EILoss=0.001, TotalLoss=0.002
Train epoch 57: MCLoss=0.001, EILoss=0.001, TotalLoss=0.003
Train epoch 58: MCLoss=0.001, EILoss=0.001, TotalLoss=0.002
Train epoch 59: MCLoss=0.001, EILoss=0.001, TotalLoss=0.002
Train epoch 60: MCLoss=0.001, EILoss=0.001, TotalLoss=0.002
Train epoch 61: MCLoss=0.001, EILoss=0.001, TotalLoss=0.002
Train epoch 62: MCLoss=0.001, EILoss=0.001, TotalLoss=0.002
Train epoch 63: MCLoss=0.001, EILoss=0.001, TotalLoss=0.002
Train epoch 64: MCLoss=0.001, EILoss=0.001, TotalLoss=0.002
Train epoch 65: MCLoss=0.001, EILoss=0.001, TotalLoss=0.002
Train epoch 66: MCLoss=0.001, EILoss=0.001, TotalLoss=0.002
Train epoch 67: MCLoss=0.001, EILoss=0.001, TotalLoss=0.002
Train epoch 68: MCLoss=0.001, EILoss=0.001, TotalLoss=0.002
Train epoch 69: MCLoss=0.001, EILoss=0.001, TotalLoss=0.002
Train epoch 70: MCLoss=0.001, EILoss=0.001, TotalLoss=0.002
Train epoch 71: MCLoss=0.001, EILoss=0.001, TotalLoss=0.002
Train epoch 72: MCLoss=0.001, EILoss=0.001, TotalLoss=0.002
Train epoch 73: MCLoss=0.001, EILoss=0.001, TotalLoss=0.002
Train epoch 74: MCLoss=0.001, EILoss=0.001, TotalLoss=0.002
Train epoch 75: MCLoss=0.001, EILoss=0.001, TotalLoss=0.002
Train epoch 76: MCLoss=0.001, EILoss=0.001, TotalLoss=0.002
Train epoch 77: MCLoss=0.001, EILoss=0.001, TotalLoss=0.002
Train epoch 78: MCLoss=0.001, EILoss=0.001, TotalLoss=0.002
Train epoch 79: MCLoss=0.001, EILoss=0.001, TotalLoss=0.002
Train epoch 80: MCLoss=0.001, EILoss=0.001, TotalLoss=0.002
Train epoch 81: MCLoss=0.001, EILoss=0.001, TotalLoss=0.002
Train epoch 82: MCLoss=0.001, EILoss=0.001, TotalLoss=0.002
Train epoch 83: MCLoss=0.001, EILoss=0.001, TotalLoss=0.002
Train epoch 84: MCLoss=0.001, EILoss=0.001, TotalLoss=0.002
Train epoch 85: MCLoss=0.001, EILoss=0.001, TotalLoss=0.001
Train epoch 86: MCLoss=0.001, EILoss=0.001, TotalLoss=0.002
Train epoch 87: MCLoss=0.001, EILoss=0.001, TotalLoss=0.001
Train epoch 88: MCLoss=0.001, EILoss=0.001, TotalLoss=0.001
Train epoch 89: MCLoss=0.001, EILoss=0.001, TotalLoss=0.001
Train epoch 90: MCLoss=0.001, EILoss=0.001, TotalLoss=0.001
Train epoch 91: MCLoss=0.001, EILoss=0.001, TotalLoss=0.001
Train epoch 92: MCLoss=0.001, EILoss=0.001, TotalLoss=0.001
Train epoch 93: MCLoss=0.001, EILoss=0.001, TotalLoss=0.001
Train epoch 94: MCLoss=0.001, EILoss=0.001, TotalLoss=0.001
Train epoch 95: MCLoss=0.001, EILoss=0.001, TotalLoss=0.001
Train epoch 96: MCLoss=0.001, EILoss=0.001, TotalLoss=0.001
Train epoch 97: MCLoss=0.0, EILoss=0.001, TotalLoss=0.001
Train epoch 98: MCLoss=0.001, EILoss=0.001, TotalLoss=0.001
Train epoch 99: MCLoss=0.0, EILoss=0.001, TotalLoss=0.001
Train epoch 100: MCLoss=0.0, EILoss=0.001, TotalLoss=0.001
Train epoch 101: MCLoss=0.0, EILoss=0.001, TotalLoss=0.001
Train epoch 102: MCLoss=0.0, EILoss=0.001, TotalLoss=0.001
Train epoch 103: MCLoss=0.0, EILoss=0.001, TotalLoss=0.001
Train epoch 104: MCLoss=0.0, EILoss=0.001, TotalLoss=0.001
Train epoch 105: MCLoss=0.0, EILoss=0.001, TotalLoss=0.001
Train epoch 106: MCLoss=0.0, EILoss=0.001, TotalLoss=0.001
Train epoch 107: MCLoss=0.0, EILoss=0.001, TotalLoss=0.001
Train epoch 108: MCLoss=0.0, EILoss=0.001, TotalLoss=0.001
Train epoch 109: MCLoss=0.0, EILoss=0.001, TotalLoss=0.001
Train epoch 110: MCLoss=0.0, EILoss=0.001, TotalLoss=0.001
Train epoch 111: MCLoss=0.0, EILoss=0.001, TotalLoss=0.001
Train epoch 112: MCLoss=0.0, EILoss=0.001, TotalLoss=0.001
Train epoch 113: MCLoss=0.0, EILoss=0.001, TotalLoss=0.001
Train epoch 114: MCLoss=0.0, EILoss=0.001, TotalLoss=0.001
Train epoch 115: MCLoss=0.0, EILoss=0.001, TotalLoss=0.001
Train epoch 116: MCLoss=0.0, EILoss=0.001, TotalLoss=0.001
Train epoch 117: MCLoss=0.0, EILoss=0.001, TotalLoss=0.001
Train epoch 118: MCLoss=0.0, EILoss=0.001, TotalLoss=0.001
Train epoch 119: MCLoss=0.0, EILoss=0.001, TotalLoss=0.001
Train epoch 120: MCLoss=0.0, EILoss=0.001, TotalLoss=0.001
Train epoch 121: MCLoss=0.0, EILoss=0.001, TotalLoss=0.001
Train epoch 122: MCLoss=0.0, EILoss=0.001, TotalLoss=0.001
Train epoch 123: MCLoss=0.0, EILoss=0.001, TotalLoss=0.001
Train epoch 124: MCLoss=0.0, EILoss=0.001, TotalLoss=0.001
Train epoch 125: MCLoss=0.0, EILoss=0.001, TotalLoss=0.001
Train epoch 126: MCLoss=0.0, EILoss=0.001, TotalLoss=0.001
Train epoch 127: MCLoss=0.0, EILoss=0.001, TotalLoss=0.001
Train epoch 128: MCLoss=0.0, EILoss=0.001, TotalLoss=0.001
Train epoch 129: MCLoss=0.0, EILoss=0.001, TotalLoss=0.001
Train epoch 130: MCLoss=0.0, EILoss=0.001, TotalLoss=0.001
Train epoch 131: MCLoss=0.0, EILoss=0.001, TotalLoss=0.001
Train epoch 132: MCLoss=0.0, EILoss=0.001, TotalLoss=0.001
Train epoch 133: MCLoss=0.0, EILoss=0.001, TotalLoss=0.001
Train epoch 134: MCLoss=0.0, EILoss=0.001, TotalLoss=0.001
Train epoch 135: MCLoss=0.0, EILoss=0.001, TotalLoss=0.001
Train epoch 136: MCLoss=0.0, EILoss=0.001, TotalLoss=0.001
Train epoch 137: MCLoss=0.001, EILoss=0.001, TotalLoss=0.001
Train epoch 138: MCLoss=0.0, EILoss=0.001, TotalLoss=0.001
Train epoch 139: MCLoss=0.0, EILoss=0.001, TotalLoss=0.001
Train epoch 140: MCLoss=0.0, EILoss=0.001, TotalLoss=0.001
Train epoch 141: MCLoss=0.0, EILoss=0.001, TotalLoss=0.001
Train epoch 142: MCLoss=0.0, EILoss=0.001, TotalLoss=0.001
Train epoch 143: MCLoss=0.0, EILoss=0.001, TotalLoss=0.001
Train epoch 144: MCLoss=0.0, EILoss=0.001, TotalLoss=0.001
Train epoch 145: MCLoss=0.0, EILoss=0.001, TotalLoss=0.001
Train epoch 146: MCLoss=0.001, EILoss=0.001, TotalLoss=0.001
Train epoch 147: MCLoss=0.0, EILoss=0.001, TotalLoss=0.001
Train epoch 148: MCLoss=0.0, EILoss=0.001, TotalLoss=0.001
Train epoch 149: MCLoss=0.0, EILoss=0.001, TotalLoss=0.001
The model has 187019 trainable parameters
Train epoch 0: MCLoss=0.159, EILoss=7.034, TotalLoss=7.192
Train epoch 1: MCLoss=0.008, EILoss=0.013, TotalLoss=0.022
Train epoch 2: MCLoss=0.012, EILoss=0.015, TotalLoss=0.027
Train epoch 3: MCLoss=0.012, EILoss=0.008, TotalLoss=0.02
Train epoch 4: MCLoss=0.015, EILoss=0.011, TotalLoss=0.026
Train epoch 5: MCLoss=0.014, EILoss=0.006, TotalLoss=0.02
Train epoch 6: MCLoss=0.01, EILoss=0.003, TotalLoss=0.013
Train epoch 7: MCLoss=0.005, EILoss=0.003, TotalLoss=0.008
Train epoch 8: MCLoss=0.003, EILoss=0.003, TotalLoss=0.006
Train epoch 9: MCLoss=0.003, EILoss=0.003, TotalLoss=0.006
Train epoch 10: MCLoss=0.001, EILoss=0.002, TotalLoss=0.003
Train epoch 11: MCLoss=0.001, EILoss=0.001, TotalLoss=0.002
Train epoch 12: MCLoss=0.002, EILoss=0.001, TotalLoss=0.003
Train epoch 13: MCLoss=0.001, EILoss=0.001, TotalLoss=0.003
Train epoch 14: MCLoss=0.001, EILoss=0.001, TotalLoss=0.002
Train epoch 15: MCLoss=0.0, EILoss=0.001, TotalLoss=0.001
Train epoch 16: MCLoss=0.0, EILoss=0.001, TotalLoss=0.001
Train epoch 17: MCLoss=0.0, EILoss=0.001, TotalLoss=0.001
Train epoch 18: MCLoss=0.0, EILoss=0.001, TotalLoss=0.001
Train epoch 19: MCLoss=0.0, EILoss=0.001, TotalLoss=0.001
Train epoch 20: MCLoss=0.0, EILoss=0.001, TotalLoss=0.001
Train epoch 21: MCLoss=0.0, EILoss=0.001, TotalLoss=0.001
Train epoch 22: MCLoss=0.0, EILoss=0.001, TotalLoss=0.001
Train epoch 23: MCLoss=0.0, EILoss=0.0, TotalLoss=0.001
Train epoch 24: MCLoss=0.0, EILoss=0.001, TotalLoss=0.001
Train epoch 25: MCLoss=0.0, EILoss=0.0, TotalLoss=0.001
Train epoch 26: MCLoss=0.0, EILoss=0.001, TotalLoss=0.001
Train epoch 27: MCLoss=0.0, EILoss=0.0, TotalLoss=0.001
Train epoch 28: MCLoss=0.0, EILoss=0.0, TotalLoss=0.001
Train epoch 29: MCLoss=0.0, EILoss=0.0, TotalLoss=0.001
Train epoch 30: MCLoss=0.0, EILoss=0.0, TotalLoss=0.001
Train epoch 31: MCLoss=0.0, EILoss=0.0, TotalLoss=0.001
Train epoch 32: MCLoss=0.0, EILoss=0.0, TotalLoss=0.001
Train epoch 33: MCLoss=0.0, EILoss=0.0, TotalLoss=0.001
Train epoch 34: MCLoss=0.0, EILoss=0.0, TotalLoss=0.001
Train epoch 35: MCLoss=0.0, EILoss=0.0, TotalLoss=0.001
Train epoch 36: MCLoss=0.0, EILoss=0.0, TotalLoss=0.001
Train epoch 37: MCLoss=0.0, EILoss=0.0, TotalLoss=0.0
Train epoch 38: MCLoss=0.0, EILoss=0.0, TotalLoss=0.0
Train epoch 39: MCLoss=0.0, EILoss=0.0, TotalLoss=0.0
Train epoch 40: MCLoss=0.0, EILoss=0.0, TotalLoss=0.0
Train epoch 41: MCLoss=0.0, EILoss=0.0, TotalLoss=0.001
Train epoch 42: MCLoss=0.0, EILoss=0.0, TotalLoss=0.0
Train epoch 43: MCLoss=0.0, EILoss=0.0, TotalLoss=0.0
Train epoch 44: MCLoss=0.0, EILoss=0.0, TotalLoss=0.0
Train epoch 45: MCLoss=0.0, EILoss=0.0, TotalLoss=0.0
Train epoch 46: MCLoss=0.0, EILoss=0.0, TotalLoss=0.0
Train epoch 47: MCLoss=0.0, EILoss=0.0, TotalLoss=0.0
Train epoch 48: MCLoss=0.0, EILoss=0.0, TotalLoss=0.0
Train epoch 49: MCLoss=0.0, EILoss=0.0, TotalLoss=0.0
Train epoch 50: MCLoss=0.0, EILoss=0.0, TotalLoss=0.0
Train epoch 51: MCLoss=0.0, EILoss=0.0, TotalLoss=0.0
Train epoch 52: MCLoss=0.0, EILoss=0.0, TotalLoss=0.0
Train epoch 53: MCLoss=0.0, EILoss=0.0, TotalLoss=0.0
Train epoch 54: MCLoss=0.0, EILoss=0.0, TotalLoss=0.0
Train epoch 55: MCLoss=0.0, EILoss=0.0, TotalLoss=0.0
Train epoch 56: MCLoss=0.0, EILoss=0.0, TotalLoss=0.0
Train epoch 57: MCLoss=0.0, EILoss=0.0, TotalLoss=0.0
Train epoch 58: MCLoss=0.0, EILoss=0.0, TotalLoss=0.0
Train epoch 59: MCLoss=0.0, EILoss=0.0, TotalLoss=0.0
Train epoch 60: MCLoss=0.0, EILoss=0.0, TotalLoss=0.0
Train epoch 61: MCLoss=0.0, EILoss=0.0, TotalLoss=0.0
Train epoch 62: MCLoss=0.0, EILoss=0.0, TotalLoss=0.0
Train epoch 63: MCLoss=0.0, EILoss=0.0, TotalLoss=0.0
Train epoch 64: MCLoss=0.0, EILoss=0.0, TotalLoss=0.0
Train epoch 65: MCLoss=0.0, EILoss=0.0, TotalLoss=0.0
Train epoch 66: MCLoss=0.0, EILoss=0.0, TotalLoss=0.0
Train epoch 67: MCLoss=0.0, EILoss=0.0, TotalLoss=0.0
Train epoch 68: MCLoss=0.0, EILoss=0.0, TotalLoss=0.0
Train epoch 69: MCLoss=0.0, EILoss=0.0, TotalLoss=0.0
Train epoch 70: MCLoss=0.0, EILoss=0.0, TotalLoss=0.0
Train epoch 71: MCLoss=0.0, EILoss=0.0, TotalLoss=0.0
Train epoch 72: MCLoss=0.0, EILoss=0.0, TotalLoss=0.0
Train epoch 73: MCLoss=0.0, EILoss=0.0, TotalLoss=0.0
Train epoch 74: MCLoss=0.0, EILoss=0.0, TotalLoss=0.0
Train epoch 75: MCLoss=0.0, EILoss=0.0, TotalLoss=0.0
Train epoch 76: MCLoss=0.0, EILoss=0.0, TotalLoss=0.0
Train epoch 77: MCLoss=0.0, EILoss=0.0, TotalLoss=0.0
Train epoch 78: MCLoss=0.0, EILoss=0.0, TotalLoss=0.0
Train epoch 79: MCLoss=0.0, EILoss=0.0, TotalLoss=0.0
Train epoch 80: MCLoss=0.0, EILoss=0.0, TotalLoss=0.0
Train epoch 81: MCLoss=0.0, EILoss=0.0, TotalLoss=0.0
Train epoch 82: MCLoss=0.0, EILoss=0.0, TotalLoss=0.0
Train epoch 83: MCLoss=0.0, EILoss=0.0, TotalLoss=0.0
Train epoch 84: MCLoss=0.0, EILoss=0.0, TotalLoss=0.0
Train epoch 85: MCLoss=0.0, EILoss=0.0, TotalLoss=0.0
Train epoch 86: MCLoss=0.0, EILoss=0.0, TotalLoss=0.0
Train epoch 87: MCLoss=0.0, EILoss=0.0, TotalLoss=0.0
Train epoch 88: MCLoss=0.0, EILoss=0.0, TotalLoss=0.0
Train epoch 89: MCLoss=0.0, EILoss=0.0, TotalLoss=0.0
Train epoch 90: MCLoss=0.0, EILoss=0.0, TotalLoss=0.0
Train epoch 91: MCLoss=0.0, EILoss=0.0, TotalLoss=0.0
Train epoch 92: MCLoss=0.0, EILoss=0.0, TotalLoss=0.0
Train epoch 93: MCLoss=0.0, EILoss=0.0, TotalLoss=0.0
Train epoch 94: MCLoss=0.0, EILoss=0.0, TotalLoss=0.0
Train epoch 95: MCLoss=0.0, EILoss=0.0, TotalLoss=0.0
Train epoch 96: MCLoss=0.0, EILoss=0.0, TotalLoss=0.0
Train epoch 97: MCLoss=0.0, EILoss=0.0, TotalLoss=0.0
Train epoch 98: MCLoss=0.0, EILoss=0.0, TotalLoss=0.0
Train epoch 99: MCLoss=0.0, EILoss=0.0, TotalLoss=0.0
Train epoch 100: MCLoss=0.0, EILoss=0.0, TotalLoss=0.0
Train epoch 101: MCLoss=0.0, EILoss=0.0, TotalLoss=0.0
Train epoch 102: MCLoss=0.0, EILoss=0.0, TotalLoss=0.0
Train epoch 103: MCLoss=0.0, EILoss=0.0, TotalLoss=0.0
Train epoch 104: MCLoss=0.0, EILoss=0.0, TotalLoss=0.0
Train epoch 105: MCLoss=0.0, EILoss=0.0, TotalLoss=0.0
Train epoch 106: MCLoss=0.0, EILoss=0.0, TotalLoss=0.0
Train epoch 107: MCLoss=0.0, EILoss=0.0, TotalLoss=0.0
Train epoch 108: MCLoss=0.0, EILoss=0.0, TotalLoss=0.0
Train epoch 109: MCLoss=0.0, EILoss=0.0, TotalLoss=0.0
Train epoch 110: MCLoss=0.0, EILoss=0.0, TotalLoss=0.0
Train epoch 111: MCLoss=0.0, EILoss=0.0, TotalLoss=0.0
Train epoch 112: MCLoss=0.0, EILoss=0.0, TotalLoss=0.0
Train epoch 113: MCLoss=0.0, EILoss=0.0, TotalLoss=0.0
Train epoch 114: MCLoss=0.0, EILoss=0.0, TotalLoss=0.0
Train epoch 115: MCLoss=0.0, EILoss=0.0, TotalLoss=0.0
Train epoch 116: MCLoss=0.0, EILoss=0.0, TotalLoss=0.0
Train epoch 117: MCLoss=0.0, EILoss=0.0, TotalLoss=0.0
Train epoch 118: MCLoss=0.0, EILoss=0.0, TotalLoss=0.0
Train epoch 119: MCLoss=0.0, EILoss=0.0, TotalLoss=0.0
Train epoch 120: MCLoss=0.0, EILoss=0.0, TotalLoss=0.0
Train epoch 121: MCLoss=0.0, EILoss=0.0, TotalLoss=0.0
Train epoch 122: MCLoss=0.0, EILoss=0.0, TotalLoss=0.0
Train epoch 123: MCLoss=0.0, EILoss=0.0, TotalLoss=0.0
Train epoch 124: MCLoss=0.0, EILoss=0.0, TotalLoss=0.0
Train epoch 125: MCLoss=0.0, EILoss=0.0, TotalLoss=0.0
Train epoch 126: MCLoss=0.0, EILoss=0.0, TotalLoss=0.0
Train epoch 127: MCLoss=0.0, EILoss=0.0, TotalLoss=0.0
Train epoch 128: MCLoss=0.0, EILoss=0.0, TotalLoss=0.0
Train epoch 129: MCLoss=0.0, EILoss=0.0, TotalLoss=0.0
Train epoch 130: MCLoss=0.0, EILoss=0.0, TotalLoss=0.0
Train epoch 131: MCLoss=0.0, EILoss=0.0, TotalLoss=0.0
Train epoch 132: MCLoss=0.0, EILoss=0.0, TotalLoss=0.0
Train epoch 133: MCLoss=0.0, EILoss=0.0, TotalLoss=0.0
Train epoch 134: MCLoss=0.0, EILoss=0.0, TotalLoss=0.0
Train epoch 135: MCLoss=0.0, EILoss=0.0, TotalLoss=0.0
Train epoch 136: MCLoss=0.0, EILoss=0.0, TotalLoss=0.0
Train epoch 137: MCLoss=0.0, EILoss=0.0, TotalLoss=0.0
Train epoch 138: MCLoss=0.0, EILoss=0.0, TotalLoss=0.0
Train epoch 139: MCLoss=0.0, EILoss=0.0, TotalLoss=0.0
Train epoch 140: MCLoss=0.0, EILoss=0.0, TotalLoss=0.0
Train epoch 141: MCLoss=0.0, EILoss=0.0, TotalLoss=0.0
Train epoch 142: MCLoss=0.0, EILoss=0.0, TotalLoss=0.0
Train epoch 143: MCLoss=0.0, EILoss=0.0, TotalLoss=0.0
Train epoch 144: MCLoss=0.0, EILoss=0.0, TotalLoss=0.0
Train epoch 145: MCLoss=0.0, EILoss=0.0, TotalLoss=0.0
Train epoch 146: MCLoss=0.0, EILoss=0.0, TotalLoss=0.0
Train epoch 147: MCLoss=0.0, EILoss=0.0, TotalLoss=0.0
Train epoch 148: MCLoss=0.0, EILoss=0.0, TotalLoss=0.0
Train epoch 149: MCLoss=0.0, EILoss=0.0, TotalLoss=0.0
{
  "arm": "Fine-tune",
  "N_buf": 1,
  "seed": 1,
  "PSNR_T1": 28.45817470550537,
  "PSNR_T2": 26.22411060333252,
  "Avg": 27.341142654418945,
  "Fgt": -1.8329706192016602
}

=== arm=er_mc N_buf=1 seed=1 device=cpu ===
The model has 187019 trainable parameters
Train epoch 0: MCLoss=5.238, EILoss=2954.086, TotalLoss=2959.324
Train epoch 1: MCLoss=0.353, EILoss=12.708, TotalLoss=13.06
Train epoch 2: MCLoss=0.473, EILoss=6.995, TotalLoss=7.468
Train epoch 3: MCLoss=0.239, EILoss=0.253, TotalLoss=0.492
Train epoch 4: MCLoss=0.152, EILoss=0.032, TotalLoss=0.184
Train epoch 5: MCLoss=0.113, EILoss=0.025, TotalLoss=0.138
Train epoch 6: MCLoss=0.098, EILoss=0.037, TotalLoss=0.136
Train epoch 7: MCLoss=0.089, EILoss=0.038, TotalLoss=0.127
Train epoch 8: MCLoss=0.079, EILoss=0.025, TotalLoss=0.104
Train epoch 9: MCLoss=0.062, EILoss=0.014, TotalLoss=0.076
Train epoch 10: MCLoss=0.054, EILoss=0.018, TotalLoss=0.072
Train epoch 11: MCLoss=0.055, EILoss=0.02, TotalLoss=0.075
Train epoch 12: MCLoss=0.056, EILoss=0.019, TotalLoss=0.074
Train epoch 13: MCLoss=0.052, EILoss=0.018, TotalLoss=0.07
Train epoch 14: MCLoss=0.047, EILoss=0.017, TotalLoss=0.063
Train epoch 15: MCLoss=0.042, EILoss=0.015, TotalLoss=0.057
Train epoch 16: MCLoss=0.036, EILoss=0.011, TotalLoss=0.048
Train epoch 17: MCLoss=0.033, EILoss=0.01, TotalLoss=0.043
Train epoch 18: MCLoss=0.03, EILoss=0.008, TotalLoss=0.037
Train epoch 19: MCLoss=0.027, EILoss=0.006, TotalLoss=0.033
Train epoch 20: MCLoss=0.024, EILoss=0.005, TotalLoss=0.029
Train epoch 21: MCLoss=0.021, EILoss=0.004, TotalLoss=0.025
Train epoch 22: MCLoss=0.02, EILoss=0.003, TotalLoss=0.023
Train epoch 23: MCLoss=0.018, EILoss=0.003, TotalLoss=0.021
Train epoch 24: MCLoss=0.017, EILoss=0.003, TotalLoss=0.02
Train epoch 25: MCLoss=0.014, EILoss=0.003, TotalLoss=0.017
Train epoch 26: MCLoss=0.011, EILoss=0.003, TotalLoss=0.014
Train epoch 27: MCLoss=0.009, EILoss=0.004, TotalLoss=0.013
Train epoch 28: MCLoss=0.008, EILoss=0.004, TotalLoss=0.012
Train epoch 29: MCLoss=0.008, EILoss=0.003, TotalLoss=0.011
Train epoch 30: MCLoss=0.008, EILoss=0.003, TotalLoss=0.01
Train epoch 31: MCLoss=0.007, EILoss=0.002, TotalLoss=0.01
Train epoch 32: MCLoss=0.007, EILoss=0.002, TotalLoss=0.009
Train epoch 33: MCLoss=0.006, EILoss=0.002, TotalLoss=0.009
Train epoch 34: MCLoss=0.006, EILoss=0.002, TotalLoss=0.008
Train epoch 35: MCLoss=0.005, EILoss=0.002, TotalLoss=0.008
Train epoch 36: MCLoss=0.004, EILoss=0.002, TotalLoss=0.007
Train epoch 37: MCLoss=0.003, EILoss=0.002, TotalLoss=0.006
Train epoch 38: MCLoss=0.003, EILoss=0.002, TotalLoss=0.005
Train epoch 39: MCLoss=0.002, EILoss=0.003, TotalLoss=0.005
Train epoch 40: MCLoss=0.002, EILoss=0.002, TotalLoss=0.005
Train epoch 41: MCLoss=0.002, EILoss=0.002, TotalLoss=0.005
Train epoch 42: MCLoss=0.002, EILoss=0.002, TotalLoss=0.005
Train epoch 43: MCLoss=0.002, EILoss=0.002, TotalLoss=0.004
Train epoch 44: MCLoss=0.002, EILoss=0.002, TotalLoss=0.004
Train epoch 45: MCLoss=0.002, EILoss=0.002, TotalLoss=0.004
Train epoch 46: MCLoss=0.002, EILoss=0.002, TotalLoss=0.004
Train epoch 47: MCLoss=0.002, EILoss=0.002, TotalLoss=0.003
Train epoch 48: MCLoss=0.002, EILoss=0.002, TotalLoss=0.003
Train epoch 49: MCLoss=0.001, EILoss=0.002, TotalLoss=0.003
Train epoch 50: MCLoss=0.001, EILoss=0.002, TotalLoss=0.003
Train epoch 51: MCLoss=0.001, EILoss=0.002, TotalLoss=0.003
Train epoch 52: MCLoss=0.001, EILoss=0.001, TotalLoss=0.003
Train epoch 53: MCLoss=0.001, EILoss=0.001, TotalLoss=0.003
Train epoch 54: MCLoss=0.001, EILoss=0.002, TotalLoss=0.003
Train epoch 55: MCLoss=0.001, EILoss=0.001, TotalLoss=0.003
Train epoch 56: MCLoss=0.001, EILoss=0.001, TotalLoss=0.002
Train epoch 57: MCLoss=0.001, EILoss=0.001, TotalLoss=0.003
Train epoch 58: MCLoss=0.001, EILoss=0.001, TotalLoss=0.002
Train epoch 59: MCLoss=0.001, EILoss=0.001, TotalLoss=0.002
Train epoch 60: MCLoss=0.001, EILoss=0.001, TotalLoss=0.002
Train epoch 61: MCLoss=0.001, EILoss=0.001, TotalLoss=0.002
Train epoch 62: MCLoss=0.001, EILoss=0.001, TotalLoss=0.002
Train epoch 63: MCLoss=0.001, EILoss=0.001, TotalLoss=0.002
Train epoch 64: MCLoss=0.001, EILoss=0.001, TotalLoss=0.002
Train epoch 65: MCLoss=0.001, EILoss=0.001, TotalLoss=0.002
Train epoch 66: MCLoss=0.001, EILoss=0.001, TotalLoss=0.002
Train epoch 67: MCLoss=0.001, EILoss=0.001, TotalLoss=0.002
Train epoch 68: MCLoss=0.001, EILoss=0.001, TotalLoss=0.002
Train epoch 69: MCLoss=0.001, EILoss=0.001, TotalLoss=0.002
Train epoch 70: MCLoss=0.001, EILoss=0.001, TotalLoss=0.002
Train epoch 71: MCLoss=0.001, EILoss=0.001, TotalLoss=0.002
Train epoch 72: MCLoss=0.001, EILoss=0.001, TotalLoss=0.002
Train epoch 73: MCLoss=0.001, EILoss=0.001, TotalLoss=0.002
Train epoch 74: MCLoss=0.001, EILoss=0.001, TotalLoss=0.002
Train epoch 75: MCLoss=0.001, EILoss=0.001, TotalLoss=0.002
Train epoch 76: MCLoss=0.001, EILoss=0.001, TotalLoss=0.002
Train epoch 77: MCLoss=0.001, EILoss=0.001, TotalLoss=0.002
Train epoch 78: MCLoss=0.001, EILoss=0.001, TotalLoss=0.002
Train epoch 79: MCLoss=0.001, EILoss=0.001, TotalLoss=0.002
Train epoch 80: MCLoss=0.001, EILoss=0.001, TotalLoss=0.002
Train epoch 81: MCLoss=0.001, EILoss=0.001, TotalLoss=0.002
Train epoch 82: MCLoss=0.001, EILoss=0.001, TotalLoss=0.002
Train epoch 83: MCLoss=0.001, EILoss=0.001, TotalLoss=0.002
Train epoch 84: MCLoss=0.001, EILoss=0.001, TotalLoss=0.002
Train epoch 85: MCLoss=0.001, EILoss=0.001, TotalLoss=0.001
Train epoch 86: MCLoss=0.001, EILoss=0.001, TotalLoss=0.002
Train epoch 87: MCLoss=0.001, EILoss=0.001, TotalLoss=0.001
Train epoch 88: MCLoss=0.001, EILoss=0.001, TotalLoss=0.001
Train epoch 89: MCLoss=0.001, EILoss=0.001, TotalLoss=0.001
Train epoch 90: MCLoss=0.001, EILoss=0.001, TotalLoss=0.001
Train epoch 91: MCLoss=0.001, EILoss=0.001, TotalLoss=0.001
Train epoch 92: MCLoss=0.001, EILoss=0.001, TotalLoss=0.001
Train epoch 93: MCLoss=0.001, EILoss=0.001, TotalLoss=0.001
Train epoch 94: MCLoss=0.001, EILoss=0.001, TotalLoss=0.001
Train epoch 95: MCLoss=0.001, EILoss=0.001, TotalLoss=0.001
Train epoch 96: MCLoss=0.001, EILoss=0.001, TotalLoss=0.001
Train epoch 97: MCLoss=0.0, EILoss=0.001, TotalLoss=0.001
Train epoch 98: MCLoss=0.001, EILoss=0.001, TotalLoss=0.001
Train epoch 99: MCLoss=0.0, EILoss=0.001, TotalLoss=0.001
Train epoch 100: MCLoss=0.0, EILoss=0.001, TotalLoss=0.001
Train epoch 101: MCLoss=0.0, EILoss=0.001, TotalLoss=0.001
Train epoch 102: MCLoss=0.0, EILoss=0.001, TotalLoss=0.001
Train epoch 103: MCLoss=0.0, EILoss=0.001, TotalLoss=0.001
Train epoch 104: MCLoss=0.0, EILoss=0.001, TotalLoss=0.001
Train epoch 105: MCLoss=0.0, EILoss=0.001, TotalLoss=0.001
Train epoch 106: MCLoss=0.0, EILoss=0.001, TotalLoss=0.001
Train epoch 107: MCLoss=0.0, EILoss=0.001, TotalLoss=0.001
Train epoch 108: MCLoss=0.0, EILoss=0.001, TotalLoss=0.001
Train epoch 109: MCLoss=0.0, EILoss=0.001, TotalLoss=0.001
Train epoch 110: MCLoss=0.0, EILoss=0.001, TotalLoss=0.001
Train epoch 111: MCLoss=0.0, EILoss=0.001, TotalLoss=0.001
Train epoch 112: MCLoss=0.0, EILoss=0.001, TotalLoss=0.001
Train epoch 113: MCLoss=0.0, EILoss=0.001, TotalLoss=0.001
Train epoch 114: MCLoss=0.0, EILoss=0.001, TotalLoss=0.001
Train epoch 115: MCLoss=0.0, EILoss=0.001, TotalLoss=0.001
Train epoch 116: MCLoss=0.0, EILoss=0.001, TotalLoss=0.001
Train epoch 117: MCLoss=0.0, EILoss=0.001, TotalLoss=0.001
Train epoch 118: MCLoss=0.0, EILoss=0.001, TotalLoss=0.001
Train epoch 119: MCLoss=0.0, EILoss=0.001, TotalLoss=0.001
Train epoch 120: MCLoss=0.0, EILoss=0.001, TotalLoss=0.001
Train epoch 121: MCLoss=0.0, EILoss=0.001, TotalLoss=0.001
Train epoch 122: MCLoss=0.0, EILoss=0.001, TotalLoss=0.001
Train epoch 123: MCLoss=0.0, EILoss=0.001, TotalLoss=0.001
Train epoch 124: MCLoss=0.0, EILoss=0.001, TotalLoss=0.001
Train epoch 125: MCLoss=0.0, EILoss=0.001, TotalLoss=0.001
Train epoch 126: MCLoss=0.0, EILoss=0.001, TotalLoss=0.001
Train epoch 127: MCLoss=0.0, EILoss=0.001, TotalLoss=0.001
Train epoch 128: MCLoss=0.0, EILoss=0.001, TotalLoss=0.001
Train epoch 129: MCLoss=0.0, EILoss=0.001, TotalLoss=0.001
Train epoch 130: MCLoss=0.0, EILoss=0.001, TotalLoss=0.001
Train epoch 131: MCLoss=0.0, EILoss=0.001, TotalLoss=0.001
Train epoch 132: MCLoss=0.0, EILoss=0.001, TotalLoss=0.001
Train epoch 133: MCLoss=0.0, EILoss=0.001, TotalLoss=0.001
Train epoch 134: MCLoss=0.0, EILoss=0.001, TotalLoss=0.001
Train epoch 135: MCLoss=0.0, EILoss=0.001, TotalLoss=0.001
Train epoch 136: MCLoss=0.0, EILoss=0.001, TotalLoss=0.001
Train epoch 137: MCLoss=0.001, EILoss=0.001, TotalLoss=0.001
Train epoch 138: MCLoss=0.0, EILoss=0.001, TotalLoss=0.001
Train epoch 139: MCLoss=0.0, EILoss=0.001, TotalLoss=0.001
Train epoch 140: MCLoss=0.0, EILoss=0.001, TotalLoss=0.001
Train epoch 141: MCLoss=0.0, EILoss=0.001, TotalLoss=0.001
Train epoch 142: MCLoss=0.0, EILoss=0.001, TotalLoss=0.001
Train epoch 143: MCLoss=0.0, EILoss=0.001, TotalLoss=0.001
Train epoch 144: MCLoss=0.0, EILoss=0.001, TotalLoss=0.001
Train epoch 145: MCLoss=0.0, EILoss=0.001, TotalLoss=0.001
Train epoch 146: MCLoss=0.001, EILoss=0.001, TotalLoss=0.001
Train epoch 147: MCLoss=0.0, EILoss=0.001, TotalLoss=0.001
Train epoch 148: MCLoss=0.0, EILoss=0.001, TotalLoss=0.001
Train epoch 149: MCLoss=0.0, EILoss=0.001, TotalLoss=0.001
The model has 187019 trainable parameters
Train epoch 0: MCLoss=0.194, EILoss=8.343, BufferReplayLoss=0.334, TotalLoss=8.871
Train epoch 1: MCLoss=0.01, EILoss=0.021, BufferReplayLoss=0.015, TotalLoss=0.046
Train epoch 2: MCLoss=0.012, EILoss=0.023, BufferReplayLoss=0.013, TotalLoss=0.049
Train epoch 3: MCLoss=0.009, EILoss=0.006, BufferReplayLoss=0.01, TotalLoss=0.025
Train epoch 4: MCLoss=0.01, EILoss=0.007, BufferReplayLoss=0.01, TotalLoss=0.027
Train epoch 5: MCLoss=0.009, EILoss=0.007, BufferReplayLoss=0.009, TotalLoss=0.025
Train epoch 6: MCLoss=0.006, EILoss=0.004, BufferReplayLoss=0.007, TotalLoss=0.016
Train epoch 7: MCLoss=0.005, EILoss=0.003, BufferReplayLoss=0.006, TotalLoss=0.014
Train epoch 8: MCLoss=0.003, EILoss=0.002, BufferReplayLoss=0.004, TotalLoss=0.009
Train epoch 9: MCLoss=0.002, EILoss=0.002, BufferReplayLoss=0.002, TotalLoss=0.006
Train epoch 10: MCLoss=0.001, EILoss=0.001, BufferReplayLoss=0.001, TotalLoss=0.004
Train epoch 11: MCLoss=0.0, EILoss=0.001, BufferReplayLoss=0.001, TotalLoss=0.002
Train epoch 12: MCLoss=0.001, EILoss=0.001, BufferReplayLoss=0.001, TotalLoss=0.003
Train epoch 13: MCLoss=0.001, EILoss=0.001, BufferReplayLoss=0.001, TotalLoss=0.002
Train epoch 14: MCLoss=0.0, EILoss=0.001, BufferReplayLoss=0.001, TotalLoss=0.002
Train epoch 15: MCLoss=0.0, EILoss=0.001, BufferReplayLoss=0.0, TotalLoss=0.002
Train epoch 16: MCLoss=0.0, EILoss=0.001, BufferReplayLoss=0.0, TotalLoss=0.002
Train epoch 17: MCLoss=0.0, EILoss=0.001, BufferReplayLoss=0.0, TotalLoss=0.001
Train epoch 18: MCLoss=0.0, EILoss=0.001, BufferReplayLoss=0.0, TotalLoss=0.001
Train epoch 19: MCLoss=0.0, EILoss=0.001, BufferReplayLoss=0.0, TotalLoss=0.001
Train epoch 20: MCLoss=0.0, EILoss=0.001, BufferReplayLoss=0.0, TotalLoss=0.001
Train epoch 21: MCLoss=0.0, EILoss=0.001, BufferReplayLoss=0.0, TotalLoss=0.001
Train epoch 22: MCLoss=0.0, EILoss=0.001, BufferReplayLoss=0.0, TotalLoss=0.001
Train epoch 23: MCLoss=0.0, EILoss=0.001, BufferReplayLoss=0.0, TotalLoss=0.001
Train epoch 24: MCLoss=0.0, EILoss=0.001, BufferReplayLoss=0.0, TotalLoss=0.001
Train epoch 25: MCLoss=0.0, EILoss=0.001, BufferReplayLoss=0.0, TotalLoss=0.001
Train epoch 26: MCLoss=0.0, EILoss=0.001, BufferReplayLoss=0.0, TotalLoss=0.001
Train epoch 27: MCLoss=0.0, EILoss=0.001, BufferReplayLoss=0.0, TotalLoss=0.001
Train epoch 28: MCLoss=0.0, EILoss=0.001, BufferReplayLoss=0.0, TotalLoss=0.001
Train epoch 29: MCLoss=0.0, EILoss=0.0, BufferReplayLoss=0.0, TotalLoss=0.001
Train epoch 30: MCLoss=0.0, EILoss=0.0, BufferReplayLoss=0.0, TotalLoss=0.001
Train epoch 31: MCLoss=0.0, EILoss=0.0, BufferReplayLoss=0.0, TotalLoss=0.001
Train epoch 32: MCLoss=0.0, EILoss=0.0, BufferReplayLoss=0.0, TotalLoss=0.001
Train epoch 33: MCLoss=0.0, EILoss=0.0, BufferReplayLoss=0.0, TotalLoss=0.001
Train epoch 34: MCLoss=0.0, EILoss=0.0, BufferReplayLoss=0.0, TotalLoss=0.001
Train epoch 35: MCLoss=0.0, EILoss=0.0, BufferReplayLoss=0.0, TotalLoss=0.001
Train epoch 36: MCLoss=0.0, EILoss=0.0, BufferReplayLoss=0.0, TotalLoss=0.001
Train epoch 37: MCLoss=0.0, EILoss=0.0, BufferReplayLoss=0.0, TotalLoss=0.001
Train epoch 38: MCLoss=0.0, EILoss=0.0, BufferReplayLoss=0.0, TotalLoss=0.001
Train epoch 39: MCLoss=0.0, EILoss=0.0, BufferReplayLoss=0.0, TotalLoss=0.001
Train epoch 40: MCLoss=0.0, EILoss=0.0, BufferReplayLoss=0.0, TotalLoss=0.001
Train epoch 41: MCLoss=0.0, EILoss=0.0, BufferReplayLoss=0.0, TotalLoss=0.001
Train epoch 42: MCLoss=0.0, EILoss=0.0, BufferReplayLoss=0.0, TotalLoss=0.001
Train epoch 43: MCLoss=0.0, EILoss=0.0, BufferReplayLoss=0.0, TotalLoss=0.001
Train epoch 44: MCLoss=0.0, EILoss=0.0, BufferReplayLoss=0.0, TotalLoss=0.001
Train epoch 45: MCLoss=0.0, EILoss=0.0, BufferReplayLoss=0.0, TotalLoss=0.001
Train epoch 46: MCLoss=0.0, EILoss=0.0, BufferReplayLoss=0.0, TotalLoss=0.001
Train epoch 47: MCLoss=0.0, EILoss=0.0, BufferReplayLoss=0.0, TotalLoss=0.001
Train epoch 48: MCLoss=0.0, EILoss=0.0, BufferReplayLoss=0.0, TotalLoss=0.001
Train epoch 49: MCLoss=0.0, EILoss=0.0, BufferReplayLoss=0.0, TotalLoss=0.001
Train epoch 50: MCLoss=0.0, EILoss=0.0, BufferReplayLoss=0.0, TotalLoss=0.0
Train epoch 51: MCLoss=0.0, EILoss=0.0, BufferReplayLoss=0.0, TotalLoss=0.001
Train epoch 52: MCLoss=0.0, EILoss=0.0, BufferReplayLoss=0.0, TotalLoss=0.001
Train epoch 53: MCLoss=0.0, EILoss=0.0, BufferReplayLoss=0.0, TotalLoss=0.001
Train epoch 54: MCLoss=0.0, EILoss=0.0, BufferReplayLoss=0.0, TotalLoss=0.001
Train epoch 55: MCLoss=0.0, EILoss=0.0, BufferReplayLoss=0.0, TotalLoss=0.0
Train epoch 56: MCLoss=0.0, EILoss=0.0, BufferReplayLoss=0.0, TotalLoss=0.0
Train epoch 57: MCLoss=0.0, EILoss=0.0, BufferReplayLoss=0.0, TotalLoss=0.001
Train epoch 58: MCLoss=0.0, EILoss=0.0, BufferReplayLoss=0.0, TotalLoss=0.0
Train epoch 59: MCLoss=0.0, EILoss=0.0, BufferReplayLoss=0.0, TotalLoss=0.0
Train epoch 60: MCLoss=0.0, EILoss=0.0, BufferReplayLoss=0.0, TotalLoss=0.001
Train epoch 61: MCLoss=0.0, EILoss=0.0, BufferReplayLoss=0.0, TotalLoss=0.001
Train epoch 62: MCLoss=0.0, EILoss=0.0, BufferReplayLoss=0.0, TotalLoss=0.0
Train epoch 63: MCLoss=0.0, EILoss=0.0, BufferReplayLoss=0.0, TotalLoss=0.0
Train epoch 64: MCLoss=0.0, EILoss=0.0, BufferReplayLoss=0.0, TotalLoss=0.0
Train epoch 65: MCLoss=0.0, EILoss=0.0, BufferReplayLoss=0.0, TotalLoss=0.0
Train epoch 66: MCLoss=0.0, EILoss=0.0, BufferReplayLoss=0.0, TotalLoss=0.0
Train epoch 67: MCLoss=0.0, EILoss=0.0, BufferReplayLoss=0.0, TotalLoss=0.0
Train epoch 68: MCLoss=0.0, EILoss=0.0, BufferReplayLoss=0.0, TotalLoss=0.0
Train epoch 69: MCLoss=0.0, EILoss=0.0, BufferReplayLoss=0.0, TotalLoss=0.0
Train epoch 70: MCLoss=0.0, EILoss=0.0, BufferReplayLoss=0.0, TotalLoss=0.0
Train epoch 71: MCLoss=0.0, EILoss=0.0, BufferReplayLoss=0.0, TotalLoss=0.0
Train epoch 72: MCLoss=0.0, EILoss=0.0, BufferReplayLoss=0.0, TotalLoss=0.0
Train epoch 73: MCLoss=0.0, EILoss=0.0, BufferReplayLoss=0.0, TotalLoss=0.0
Train epoch 74: MCLoss=0.0, EILoss=0.0, BufferReplayLoss=0.0, TotalLoss=0.0
Train epoch 75: MCLoss=0.0, EILoss=0.0, BufferReplayLoss=0.0, TotalLoss=0.0
Train epoch 76: MCLoss=0.0, EILoss=0.0, BufferReplayLoss=0.0, TotalLoss=0.0
Train epoch 77: MCLoss=0.0, EILoss=0.0, BufferReplayLoss=0.0, TotalLoss=0.0
Train epoch 78: MCLoss=0.0, EILoss=0.0, BufferReplayLoss=0.0, TotalLoss=0.0
Train epoch 79: MCLoss=0.0, EILoss=0.0, BufferReplayLoss=0.0, TotalLoss=0.0
Train epoch 80: MCLoss=0.0, EILoss=0.0, BufferReplayLoss=0.0, TotalLoss=0.0
Train epoch 81: MCLoss=0.0, EILoss=0.0, BufferReplayLoss=0.0, TotalLoss=0.0
Train epoch 82: MCLoss=0.0, EILoss=0.0, BufferReplayLoss=0.0, TotalLoss=0.0
Train epoch 83: MCLoss=0.0, EILoss=0.0, BufferReplayLoss=0.0, TotalLoss=0.0
Train epoch 84: MCLoss=0.0, EILoss=0.0, BufferReplayLoss=0.0, TotalLoss=0.0
Train epoch 85: MCLoss=0.0, EILoss=0.0, BufferReplayLoss=0.0, TotalLoss=0.0
Train epoch 86: MCLoss=0.0, EILoss=0.0, BufferReplayLoss=0.0, TotalLoss=0.0
Train epoch 87: MCLoss=0.0, EILoss=0.0, BufferReplayLoss=0.0, TotalLoss=0.0
Train epoch 88: MCLoss=0.0, EILoss=0.0, BufferReplayLoss=0.0, TotalLoss=0.0
Train epoch 89: MCLoss=0.0, EILoss=0.0, BufferReplayLoss=0.0, TotalLoss=0.0
Train epoch 90: MCLoss=0.0, EILoss=0.0, BufferReplayLoss=0.0, TotalLoss=0.0
Train epoch 91: MCLoss=0.0, EILoss=0.0, BufferReplayLoss=0.0, TotalLoss=0.0
Train epoch 92: MCLoss=0.0, EILoss=0.0, BufferReplayLoss=0.0, TotalLoss=0.0
Train epoch 93: MCLoss=0.0, EILoss=0.0, BufferReplayLoss=0.0, TotalLoss=0.0
Train epoch 94: MCLoss=0.0, EILoss=0.0, BufferReplayLoss=0.0, TotalLoss=0.0
Train epoch 95: MCLoss=0.0, EILoss=0.0, BufferReplayLoss=0.0, TotalLoss=0.0
Train epoch 96: MCLoss=0.0, EILoss=0.0, BufferReplayLoss=0.0, TotalLoss=0.0
Train epoch 97: MCLoss=0.0, EILoss=0.0, BufferReplayLoss=0.0, TotalLoss=0.0
Train epoch 98: MCLoss=0.0, EILoss=0.0, BufferReplayLoss=0.0, TotalLoss=0.0
Train epoch 99: MCLoss=0.0, EILoss=0.0, BufferReplayLoss=0.0, TotalLoss=0.0
Train epoch 100: MCLoss=0.0, EILoss=0.0, BufferReplayLoss=0.0, TotalLoss=0.0
Train epoch 101: MCLoss=0.0, EILoss=0.0, BufferReplayLoss=0.0, TotalLoss=0.0
Train epoch 102: MCLoss=0.0, EILoss=0.0, BufferReplayLoss=0.0, TotalLoss=0.0
Train epoch 103: MCLoss=0.0, EILoss=0.0, BufferReplayLoss=0.0, TotalLoss=0.0
Train epoch 104: MCLoss=0.0, EILoss=0.0, BufferReplayLoss=0.0, TotalLoss=0.0
Train epoch 105: MCLoss=0.0, EILoss=0.0, BufferReplayLoss=0.0, TotalLoss=0.0
Train epoch 106: MCLoss=0.0, EILoss=0.0, BufferReplayLoss=0.0, TotalLoss=0.0
Train epoch 107: MCLoss=0.0, EILoss=0.0, BufferReplayLoss=0.0, TotalLoss=0.0
Train epoch 108: MCLoss=0.0, EILoss=0.0, BufferReplayLoss=0.0, TotalLoss=0.0
Train epoch 109: MCLoss=0.0, EILoss=0.0, BufferReplayLoss=0.0, TotalLoss=0.0
Train epoch 110: MCLoss=0.0, EILoss=0.0, BufferReplayLoss=0.0, TotalLoss=0.0
Train epoch 111: MCLoss=0.0, EILoss=0.0, BufferReplayLoss=0.0, TotalLoss=0.0
Train epoch 112: MCLoss=0.0, EILoss=0.0, BufferReplayLoss=0.0, TotalLoss=0.0
Train epoch 113: MCLoss=0.0, EILoss=0.0, BufferReplayLoss=0.0, TotalLoss=0.0
Train epoch 114: MCLoss=0.0, EILoss=0.0, BufferReplayLoss=0.0, TotalLoss=0.0
Train epoch 115: MCLoss=0.0, EILoss=0.0, BufferReplayLoss=0.0, TotalLoss=0.0
Train epoch 116: MCLoss=0.0, EILoss=0.0, BufferReplayLoss=0.0, TotalLoss=0.0
Train epoch 117: MCLoss=0.0, EILoss=0.0, BufferReplayLoss=0.0, TotalLoss=0.0
Train epoch 118: MCLoss=0.0, EILoss=0.0, BufferReplayLoss=0.0, TotalLoss=0.0
Train epoch 119: MCLoss=0.0, EILoss=0.0, BufferReplayLoss=0.0, TotalLoss=0.0
Train epoch 120: MCLoss=0.0, EILoss=0.0, BufferReplayLoss=0.0, TotalLoss=0.0
Train epoch 121: MCLoss=0.0, EILoss=0.0, BufferReplayLoss=0.0, TotalLoss=0.0
Train epoch 122: MCLoss=0.0, EILoss=0.0, BufferReplayLoss=0.0, TotalLoss=0.0
Train epoch 123: MCLoss=0.0, EILoss=0.0, BufferReplayLoss=0.0, TotalLoss=0.0
Train epoch 124: MCLoss=0.0, EILoss=0.0, BufferReplayLoss=0.0, TotalLoss=0.0
Train epoch 125: MCLoss=0.0, EILoss=0.0, BufferReplayLoss=0.0, TotalLoss=0.0
Train epoch 126: MCLoss=0.0, EILoss=0.0, BufferReplayLoss=0.0, TotalLoss=0.0
Train epoch 127: MCLoss=0.0, EILoss=0.0, BufferReplayLoss=0.0, TotalLoss=0.0
Train epoch 128: MCLoss=0.0, EILoss=0.0, BufferReplayLoss=0.0, TotalLoss=0.0
Train epoch 129: MCLoss=0.0, EILoss=0.0, BufferReplayLoss=0.0, TotalLoss=0.0
Train epoch 130: MCLoss=0.0, EILoss=0.0, BufferReplayLoss=0.0, TotalLoss=0.0
Train epoch 131: MCLoss=0.0, EILoss=0.0, BufferReplayLoss=0.0, TotalLoss=0.0
Train epoch 132: MCLoss=0.0, EILoss=0.0, BufferReplayLoss=0.0, TotalLoss=0.0
Train epoch 133: MCLoss=0.0, EILoss=0.0, BufferReplayLoss=0.0, TotalLoss=0.0
Train epoch 134: MCLoss=0.0, EILoss=0.0, BufferReplayLoss=0.0, TotalLoss=0.0
Train epoch 135: MCLoss=0.0, EILoss=0.0, BufferReplayLoss=0.0, TotalLoss=0.0
Train epoch 136: MCLoss=0.0, EILoss=0.0, BufferReplayLoss=0.0, TotalLoss=0.0
Train epoch 137: MCLoss=0.0, EILoss=0.0, BufferReplayLoss=0.0, TotalLoss=0.0
Train epoch 138: MCLoss=0.0, EILoss=0.0, BufferReplayLoss=0.0, TotalLoss=0.0
Train epoch 139: MCLoss=0.0, EILoss=0.0, BufferReplayLoss=0.0, TotalLoss=0.0
Train epoch 140: MCLoss=0.0, EILoss=0.0, BufferReplayLoss=0.0, TotalLoss=0.0
Train epoch 141: MCLoss=0.0, EILoss=0.0, BufferReplayLoss=0.0, TotalLoss=0.0
Train epoch 142: MCLoss=0.0, EILoss=0.0, BufferReplayLoss=0.0, TotalLoss=0.0
Train epoch 143: MCLoss=0.0, EILoss=0.0, BufferReplayLoss=0.0, TotalLoss=0.0
Train epoch 144: MCLoss=0.0, EILoss=0.0, BufferReplayLoss=0.0, TotalLoss=0.0
Train epoch 145: MCLoss=0.0, EILoss=0.0, BufferReplayLoss=0.0, TotalLoss=0.0
Train epoch 146: MCLoss=0.0, EILoss=0.0, BufferReplayLoss=0.0, TotalLoss=0.0
Train epoch 147: MCLoss=0.0, EILoss=0.0, BufferReplayLoss=0.0, TotalLoss=0.0
Train epoch 148: MCLoss=0.0, EILoss=0.0, BufferReplayLoss=0.0, TotalLoss=0.0
Train epoch 149: MCLoss=0.0, EILoss=0.0, BufferReplayLoss=0.0, TotalLoss=0.0
{
  "arm": "ER+MC",
  "N_buf": 1,
  "seed": 1,
  "PSNR_T1": 29.472318649291992,
  "PSNR_T2": 26.63976287841797,
  "Avg": 28.05604076385498,
  "Fgt": -2.8471145629882812
}

=== arm=er_ei N_buf=1 seed=1 device=cpu ===
The model has 187019 trainable parameters
Train epoch 0: MCLoss=5.238, EILoss=2954.086, TotalLoss=2959.324
Train epoch 1: MCLoss=0.353, EILoss=12.708, TotalLoss=13.06
Train epoch 2: MCLoss=0.473, EILoss=6.995, TotalLoss=7.468
Train epoch 3: MCLoss=0.239, EILoss=0.253, TotalLoss=0.492
Train epoch 4: MCLoss=0.152, EILoss=0.032, TotalLoss=0.184
Train epoch 5: MCLoss=0.113, EILoss=0.025, TotalLoss=0.138
Train epoch 6: MCLoss=0.098, EILoss=0.037, TotalLoss=0.136
Train epoch 7: MCLoss=0.089, EILoss=0.038, TotalLoss=0.127
Train epoch 8: MCLoss=0.079, EILoss=0.025, TotalLoss=0.104
Train epoch 9: MCLoss=0.062, EILoss=0.014, TotalLoss=0.076
Train epoch 10: MCLoss=0.054, EILoss=0.018, TotalLoss=0.072
Train epoch 11: MCLoss=0.055, EILoss=0.02, TotalLoss=0.075
Train epoch 12: MCLoss=0.056, EILoss=0.019, TotalLoss=0.074
Train epoch 13: MCLoss=0.052, EILoss=0.018, TotalLoss=0.07
Train epoch 14: MCLoss=0.047, EILoss=0.017, TotalLoss=0.063
Train epoch 15: MCLoss=0.042, EILoss=0.015, TotalLoss=0.057
Train epoch 16: MCLoss=0.036, EILoss=0.011, TotalLoss=0.048
Train epoch 17: MCLoss=0.033, EILoss=0.01, TotalLoss=0.043
Train epoch 18: MCLoss=0.03, EILoss=0.008, TotalLoss=0.037
Train epoch 19: MCLoss=0.027, EILoss=0.006, TotalLoss=0.033
Train epoch 20: MCLoss=0.024, EILoss=0.005, TotalLoss=0.029
Train epoch 21: MCLoss=0.021, EILoss=0.004, TotalLoss=0.025
Train epoch 22: MCLoss=0.02, EILoss=0.003, TotalLoss=0.023
Train epoch 23: MCLoss=0.018, EILoss=0.003, TotalLoss=0.021
Train epoch 24: MCLoss=0.017, EILoss=0.003, TotalLoss=0.02
Train epoch 25: MCLoss=0.014, EILoss=0.003, TotalLoss=0.017
Train epoch 26: MCLoss=0.011, EILoss=0.003, TotalLoss=0.014
Train epoch 27: MCLoss=0.009, EILoss=0.004, TotalLoss=0.013
Train epoch 28: MCLoss=0.008, EILoss=0.004, TotalLoss=0.012
Train epoch 29: MCLoss=0.008, EILoss=0.003, TotalLoss=0.011
Train epoch 30: MCLoss=0.008, EILoss=0.003, TotalLoss=0.01
Train epoch 31: MCLoss=0.007, EILoss=0.002, TotalLoss=0.01
Train epoch 32: MCLoss=0.007, EILoss=0.002, TotalLoss=0.009
Train epoch 33: MCLoss=0.006, EILoss=0.002, TotalLoss=0.009
Train epoch 34: MCLoss=0.006, EILoss=0.002, TotalLoss=0.008
Train epoch 35: MCLoss=0.005, EILoss=0.002, TotalLoss=0.008
Train epoch 36: MCLoss=0.004, EILoss=0.002, TotalLoss=0.007
Train epoch 37: MCLoss=0.003, EILoss=0.002, TotalLoss=0.006
Train epoch 38: MCLoss=0.003, EILoss=0.002, TotalLoss=0.005
Train epoch 39: MCLoss=0.002, EILoss=0.003, TotalLoss=0.005
Train epoch 40: MCLoss=0.002, EILoss=0.002, TotalLoss=0.005
Train epoch 41: MCLoss=0.002, EILoss=0.002, TotalLoss=0.005
Train epoch 42: MCLoss=0.002, EILoss=0.002, TotalLoss=0.005
Train epoch 43: MCLoss=0.002, EILoss=0.002, TotalLoss=0.004
Train epoch 44: MCLoss=0.002, EILoss=0.002, TotalLoss=0.004
Train epoch 45: MCLoss=0.002, EILoss=0.002, TotalLoss=0.004
Train epoch 46: MCLoss=0.002, EILoss=0.002, TotalLoss=0.004
Train epoch 47: MCLoss=0.002, EILoss=0.002, TotalLoss=0.003
Train epoch 48: MCLoss=0.002, EILoss=0.002, TotalLoss=0.003
Train epoch 49: MCLoss=0.001, EILoss=0.002, TotalLoss=0.003
Train epoch 50: MCLoss=0.001, EILoss=0.002, TotalLoss=0.003
Train epoch 51: MCLoss=0.001, EILoss=0.002, TotalLoss=0.003
Train epoch 52: MCLoss=0.001, EILoss=0.001, TotalLoss=0.003
Train epoch 53: MCLoss=0.001, EILoss=0.001, TotalLoss=0.003
Train epoch 54: MCLoss=0.001, EILoss=0.002, TotalLoss=0.003
Train epoch 55: MCLoss=0.001, EILoss=0.001, TotalLoss=0.003
Train epoch 56: MCLoss=0.001, EILoss=0.001, TotalLoss=0.002
Train epoch 57: MCLoss=0.001, EILoss=0.001, TotalLoss=0.003
Train epoch 58: MCLoss=0.001, EILoss=0.001, TotalLoss=0.002
Train epoch 59: MCLoss=0.001, EILoss=0.001, TotalLoss=0.002
Train epoch 60: MCLoss=0.001, EILoss=0.001, TotalLoss=0.002
Train epoch 61: MCLoss=0.001, EILoss=0.001, TotalLoss=0.002
Train epoch 62: MCLoss=0.001, EILoss=0.001, TotalLoss=0.002
Train epoch 63: MCLoss=0.001, EILoss=0.001, TotalLoss=0.002
Train epoch 64: MCLoss=0.001, EILoss=0.001, TotalLoss=0.002
Train epoch 65: MCLoss=0.001, EILoss=0.001, TotalLoss=0.002
Train epoch 66: MCLoss=0.001, EILoss=0.001, TotalLoss=0.002
Train epoch 67: MCLoss=0.001, EILoss=0.001, TotalLoss=0.002
Train epoch 68: MCLoss=0.001, EILoss=0.001, TotalLoss=0.002
Train epoch 69: MCLoss=0.001, EILoss=0.001, TotalLoss=0.002
Train epoch 70: MCLoss=0.001, EILoss=0.001, TotalLoss=0.002
Train epoch 71: MCLoss=0.001, EILoss=0.001, TotalLoss=0.002
Train epoch 72: MCLoss=0.001, EILoss=0.001, TotalLoss=0.002
Train epoch 73: MCLoss=0.001, EILoss=0.001, TotalLoss=0.002
Train epoch 74: MCLoss=0.001, EILoss=0.001, TotalLoss=0.002
Train epoch 75: MCLoss=0.001, EILoss=0.001, TotalLoss=0.002
Train epoch 76: MCLoss=0.001, EILoss=0.001, TotalLoss=0.002
Train epoch 77: MCLoss=0.001, EILoss=0.001, TotalLoss=0.002
Train epoch 78: MCLoss=0.001, EILoss=0.001, TotalLoss=0.002
Train epoch 79: MCLoss=0.001, EILoss=0.001, TotalLoss=0.002
Train epoch 80: MCLoss=0.001, EILoss=0.001, TotalLoss=0.002
Train epoch 81: MCLoss=0.001, EILoss=0.001, TotalLoss=0.002
Train epoch 82: MCLoss=0.001, EILoss=0.001, TotalLoss=0.002
Train epoch 83: MCLoss=0.001, EILoss=0.001, TotalLoss=0.002
Train epoch 84: MCLoss=0.001, EILoss=0.001, TotalLoss=0.002
Train epoch 85: MCLoss=0.001, EILoss=0.001, TotalLoss=0.001
Train epoch 86: MCLoss=0.001, EILoss=0.001, TotalLoss=0.002
Train epoch 87: MCLoss=0.001, EILoss=0.001, TotalLoss=0.001
Train epoch 88: MCLoss=0.001, EILoss=0.001, TotalLoss=0.001
Train epoch 89: MCLoss=0.001, EILoss=0.001, TotalLoss=0.001
Train epoch 90: MCLoss=0.001, EILoss=0.001, TotalLoss=0.001
Train epoch 91: MCLoss=0.001, EILoss=0.001, TotalLoss=0.001
Train epoch 92: MCLoss=0.001, EILoss=0.001, TotalLoss=0.001
Train epoch 93: MCLoss=0.001, EILoss=0.001, TotalLoss=0.001
Train epoch 94: MCLoss=0.001, EILoss=0.001, TotalLoss=0.001
Train epoch 95: MCLoss=0.001, EILoss=0.001, TotalLoss=0.001
Train epoch 96: MCLoss=0.001, EILoss=0.001, TotalLoss=0.001
Train epoch 97: MCLoss=0.0, EILoss=0.001, TotalLoss=0.001
Train epoch 98: MCLoss=0.001, EILoss=0.001, TotalLoss=0.001
Train epoch 99: MCLoss=0.0, EILoss=0.001, TotalLoss=0.001
Train epoch 100: MCLoss=0.0, EILoss=0.001, TotalLoss=0.001
Train epoch 101: MCLoss=0.0, EILoss=0.001, TotalLoss=0.001
Train epoch 102: MCLoss=0.0, EILoss=0.001, TotalLoss=0.001
Train epoch 103: MCLoss=0.0, EILoss=0.001, TotalLoss=0.001
Train epoch 104: MCLoss=0.0, EILoss=0.001, TotalLoss=0.001
Train epoch 105: MCLoss=0.0, EILoss=0.001, TotalLoss=0.001
Train epoch 106: MCLoss=0.0, EILoss=0.001, TotalLoss=0.001
Train epoch 107: MCLoss=0.0, EILoss=0.001, TotalLoss=0.001
Train epoch 108: MCLoss=0.0, EILoss=0.001, TotalLoss=0.001
Train epoch 109: MCLoss=0.0, EILoss=0.001, TotalLoss=0.001
Train epoch 110: MCLoss=0.0, EILoss=0.001, TotalLoss=0.001
Train epoch 111: MCLoss=0.0, EILoss=0.001, TotalLoss=0.001
Train epoch 112: MCLoss=0.0, EILoss=0.001, TotalLoss=0.001
Train epoch 113: MCLoss=0.0, EILoss=0.001, TotalLoss=0.001
Train epoch 114: MCLoss=0.0, EILoss=0.001, TotalLoss=0.001
Train epoch 115: MCLoss=0.0, EILoss=0.001, TotalLoss=0.001
Train epoch 116: MCLoss=0.0, EILoss=0.001, TotalLoss=0.001
Train epoch 117: MCLoss=0.0, EILoss=0.001, TotalLoss=0.001
Train epoch 118: MCLoss=0.0, EILoss=0.001, TotalLoss=0.001
Train epoch 119: MCLoss=0.0, EILoss=0.001, TotalLoss=0.001
Train epoch 120: MCLoss=0.0, EILoss=0.001, TotalLoss=0.001
Train epoch 121: MCLoss=0.0, EILoss=0.001, TotalLoss=0.001
Train epoch 122: MCLoss=0.0, EILoss=0.001, TotalLoss=0.001
Train epoch 123: MCLoss=0.0, EILoss=0.001, TotalLoss=0.001
Train epoch 124: MCLoss=0.0, EILoss=0.001, TotalLoss=0.001
Train epoch 125: MCLoss=0.0, EILoss=0.001, TotalLoss=0.001
Train epoch 126: MCLoss=0.0, EILoss=0.001, TotalLoss=0.001
Train epoch 127: MCLoss=0.0, EILoss=0.001, TotalLoss=0.001
Train epoch 128: MCLoss=0.0, EILoss=0.001, TotalLoss=0.001
Train epoch 129: MCLoss=0.0, EILoss=0.001, TotalLoss=0.001
Train epoch 130: MCLoss=0.0, EILoss=0.001, TotalLoss=0.001
Train epoch 131: MCLoss=0.0, EILoss=0.001, TotalLoss=0.001
Train epoch 132: MCLoss=0.0, EILoss=0.001, TotalLoss=0.001
Train epoch 133: MCLoss=0.0, EILoss=0.001, TotalLoss=0.001
Train epoch 134: MCLoss=0.0, EILoss=0.001, TotalLoss=0.001
Train epoch 135: MCLoss=0.0, EILoss=0.001, TotalLoss=0.001
Train epoch 136: MCLoss=0.0, EILoss=0.001, TotalLoss=0.001
Train epoch 137: MCLoss=0.001, EILoss=0.001, TotalLoss=0.001
Train epoch 138: MCLoss=0.0, EILoss=0.001, TotalLoss=0.001
Train epoch 139: MCLoss=0.0, EILoss=0.001, TotalLoss=0.001
Train epoch 140: MCLoss=0.0, EILoss=0.001, TotalLoss=0.001
Train epoch 141: MCLoss=0.0, EILoss=0.001, TotalLoss=0.001
Train epoch 142: MCLoss=0.0, EILoss=0.001, TotalLoss=0.001
Train epoch 143: MCLoss=0.0, EILoss=0.001, TotalLoss=0.001
Train epoch 144: MCLoss=0.0, EILoss=0.001, TotalLoss=0.001
Train epoch 145: MCLoss=0.0, EILoss=0.001, TotalLoss=0.001
Train epoch 146: MCLoss=0.001, EILoss=0.001, TotalLoss=0.001
Train epoch 147: MCLoss=0.0, EILoss=0.001, TotalLoss=0.001
Train epoch 148: MCLoss=0.0, EILoss=0.001, TotalLoss=0.001
Train epoch 149: MCLoss=0.0, EILoss=0.001, TotalLoss=0.001
The model has 187019 trainable parameters
Train epoch 0: MCLoss=0.189, EILoss=8.201, BufferReplayLoss=14.929, TotalLoss=23.319
Train epoch 1: MCLoss=0.01, EILoss=0.023, BufferReplayLoss=0.042, TotalLoss=0.075
Train epoch 2: MCLoss=0.02, EILoss=0.054, BufferReplayLoss=0.064, TotalLoss=0.138
Train epoch 3: MCLoss=0.013, EILoss=0.012, BufferReplayLoss=0.024, TotalLoss=0.049
Train epoch 4: MCLoss=0.011, EILoss=0.006, BufferReplayLoss=0.019, TotalLoss=0.036
Train epoch 5: MCLoss=0.01, EILoss=0.009, BufferReplayLoss=0.02, TotalLoss=0.04
Train epoch 6: MCLoss=0.008, EILoss=0.005, BufferReplayLoss=0.015, TotalLoss=0.029
Train epoch 7: MCLoss=0.006, EILoss=0.003, BufferReplayLoss=0.011, TotalLoss=0.02
Train epoch 8: MCLoss=0.006, EILoss=0.002, BufferReplayLoss=0.01, TotalLoss=0.018
Train epoch 9: MCLoss=0.004, EILoss=0.002, BufferReplayLoss=0.008, TotalLoss=0.013
Train epoch 10: MCLoss=0.002, EILoss=0.002, BufferReplayLoss=0.005, TotalLoss=0.009
Train epoch 11: MCLoss=0.001, EILoss=0.001, BufferReplayLoss=0.003, TotalLoss=0.006
Train epoch 12: MCLoss=0.001, EILoss=0.001, BufferReplayLoss=0.003, TotalLoss=0.004
Train epoch 13: MCLoss=0.001, EILoss=0.001, BufferReplayLoss=0.003, TotalLoss=0.005
Train epoch 14: MCLoss=0.001, EILoss=0.001, BufferReplayLoss=0.003, TotalLoss=0.005
Train epoch 15: MCLoss=0.001, EILoss=0.001, BufferReplayLoss=0.002, TotalLoss=0.004
Train epoch 16: MCLoss=0.0, EILoss=0.001, BufferReplayLoss=0.002, TotalLoss=0.003
Train epoch 17: MCLoss=0.0, EILoss=0.001, BufferReplayLoss=0.001, TotalLoss=0.003
Train epoch 18: MCLoss=0.0, EILoss=0.001, BufferReplayLoss=0.001, TotalLoss=0.002
Train epoch 19: MCLoss=0.0, EILoss=0.001, BufferReplayLoss=0.001, TotalLoss=0.002
Train epoch 20: MCLoss=0.0, EILoss=0.001, BufferReplayLoss=0.001, TotalLoss=0.002
Train epoch 21: MCLoss=0.0, EILoss=0.001, BufferReplayLoss=0.001, TotalLoss=0.002
Train epoch 22: MCLoss=0.0, EILoss=0.001, BufferReplayLoss=0.001, TotalLoss=0.002
Train epoch 23: MCLoss=0.0, EILoss=0.0, BufferReplayLoss=0.001, TotalLoss=0.002
Train epoch 24: MCLoss=0.0, EILoss=0.001, BufferReplayLoss=0.001, TotalLoss=0.002
Train epoch 25: MCLoss=0.0, EILoss=0.0, BufferReplayLoss=0.001, TotalLoss=0.002
Train epoch 26: MCLoss=0.0, EILoss=0.0, BufferReplayLoss=0.001, TotalLoss=0.001
Train epoch 27: MCLoss=0.0, EILoss=0.0, BufferReplayLoss=0.001, TotalLoss=0.001
Train epoch 28: MCLoss=0.0, EILoss=0.0, BufferReplayLoss=0.001, TotalLoss=0.001
Train epoch 29: MCLoss=0.0, EILoss=0.0, BufferReplayLoss=0.001, TotalLoss=0.001
Train epoch 30: MCLoss=0.0, EILoss=0.0, BufferReplayLoss=0.001, TotalLoss=0.001
Train epoch 31: MCLoss=0.0, EILoss=0.0, BufferReplayLoss=0.001, TotalLoss=0.001
Train epoch 32: MCLoss=0.0, EILoss=0.0, BufferReplayLoss=0.001, TotalLoss=0.001
Train epoch 33: MCLoss=0.0, EILoss=0.0, BufferReplayLoss=0.001, TotalLoss=0.001
Train epoch 34: MCLoss=0.0, EILoss=0.0, BufferReplayLoss=0.001, TotalLoss=0.001
Train epoch 35: MCLoss=0.0, EILoss=0.0, BufferReplayLoss=0.001, TotalLoss=0.001
Train epoch 36: MCLoss=0.0, EILoss=0.0, BufferReplayLoss=0.001, TotalLoss=0.001
Train epoch 37: MCLoss=0.0, EILoss=0.0, BufferReplayLoss=0.001, TotalLoss=0.001
Train epoch 38: MCLoss=0.0, EILoss=0.0, BufferReplayLoss=0.001, TotalLoss=0.001
Train epoch 39: MCLoss=0.0, EILoss=0.0, BufferReplayLoss=0.001, TotalLoss=0.001
Train epoch 40: MCLoss=0.0, EILoss=0.0, BufferReplayLoss=0.001, TotalLoss=0.001
Train epoch 41: MCLoss=0.0, EILoss=0.0, BufferReplayLoss=0.001, TotalLoss=0.001
Train epoch 42: MCLoss=0.0, EILoss=0.0, BufferReplayLoss=0.001, TotalLoss=0.001
Train epoch 43: MCLoss=0.0, EILoss=0.0, BufferReplayLoss=0.001, TotalLoss=0.001
Train epoch 44: MCLoss=0.0, EILoss=0.0, BufferReplayLoss=0.001, TotalLoss=0.001
Train epoch 45: MCLoss=0.0, EILoss=0.0, BufferReplayLoss=0.001, TotalLoss=0.001
Train epoch 46: MCLoss=0.0, EILoss=0.0, BufferReplayLoss=0.0, TotalLoss=0.001
Train epoch 47: MCLoss=0.0, EILoss=0.0, BufferReplayLoss=0.001, TotalLoss=0.001
Train epoch 48: MCLoss=0.0, EILoss=0.0, BufferReplayLoss=0.0, TotalLoss=0.001
Train epoch 49: MCLoss=0.0, EILoss=0.0, BufferReplayLoss=0.0, TotalLoss=0.001
Train epoch 50: MCLoss=0.0, EILoss=0.0, BufferReplayLoss=0.0, TotalLoss=0.001
Train epoch 51: MCLoss=0.0, EILoss=0.0, BufferReplayLoss=0.0, TotalLoss=0.001
Train epoch 52: MCLoss=0.0, EILoss=0.0, BufferReplayLoss=0.0, TotalLoss=0.001
Train epoch 53: MCLoss=0.0, EILoss=0.0, BufferReplayLoss=0.0, TotalLoss=0.001
Train epoch 54: MCLoss=0.0, EILoss=0.0, BufferReplayLoss=0.0, TotalLoss=0.001
Train epoch 55: MCLoss=0.0, EILoss=0.0, BufferReplayLoss=0.0, TotalLoss=0.001
Train epoch 56: MCLoss=0.0, EILoss=0.0, BufferReplayLoss=0.0, TotalLoss=0.001
Train epoch 57: MCLoss=0.0, EILoss=0.0, BufferReplayLoss=0.0, TotalLoss=0.001
Train epoch 58: MCLoss=0.0, EILoss=0.0, BufferReplayLoss=0.0, TotalLoss=0.001
Train epoch 59: MCLoss=0.0, EILoss=0.0, BufferReplayLoss=0.0, TotalLoss=0.001
Train epoch 60: MCLoss=0.0, EILoss=0.0, BufferReplayLoss=0.0, TotalLoss=0.001
Train epoch 61: MCLoss=0.0, EILoss=0.0, BufferReplayLoss=0.0, TotalLoss=0.001
Train epoch 62: MCLoss=0.0, EILoss=0.0, BufferReplayLoss=0.0, TotalLoss=0.001
Train epoch 63: MCLoss=0.0, EILoss=0.0, BufferReplayLoss=0.0, TotalLoss=0.001
Train epoch 64: MCLoss=0.0, EILoss=0.0, BufferReplayLoss=0.0, TotalLoss=0.001
Train epoch 65: MCLoss=0.0, EILoss=0.0, BufferReplayLoss=0.0, TotalLoss=0.001
Train epoch 66: MCLoss=0.0, EILoss=0.0, BufferReplayLoss=0.0, TotalLoss=0.001
Train epoch 67: MCLoss=0.0, EILoss=0.0, BufferReplayLoss=0.0, TotalLoss=0.001
Train epoch 68: MCLoss=0.0, EILoss=0.0, BufferReplayLoss=0.0, TotalLoss=0.001
Train epoch 69: MCLoss=0.0, EILoss=0.0, BufferReplayLoss=0.0, TotalLoss=0.001
Train epoch 70: MCLoss=0.0, EILoss=0.0, BufferReplayLoss=0.0, TotalLoss=0.001
Train epoch 71: MCLoss=0.0, EILoss=0.0, BufferReplayLoss=0.0, TotalLoss=0.001
Train epoch 72: MCLoss=0.0, EILoss=0.0, BufferReplayLoss=0.0, TotalLoss=0.001
Train epoch 73: MCLoss=0.0, EILoss=0.0, BufferReplayLoss=0.0, TotalLoss=0.001
Train epoch 74: MCLoss=0.0, EILoss=0.0, BufferReplayLoss=0.0, TotalLoss=0.001
Train epoch 75: MCLoss=0.0, EILoss=0.0, BufferReplayLoss=0.0, TotalLoss=0.001
Train epoch 76: MCLoss=0.0, EILoss=0.0, BufferReplayLoss=0.0, TotalLoss=0.001
Train epoch 77: MCLoss=0.0, EILoss=0.0, BufferReplayLoss=0.0, TotalLoss=0.001
Train epoch 78: MCLoss=0.0, EILoss=0.0, BufferReplayLoss=0.0, TotalLoss=0.001
Train epoch 79: MCLoss=0.0, EILoss=0.0, BufferReplayLoss=0.0, TotalLoss=0.001
Train epoch 80: MCLoss=0.0, EILoss=0.0, BufferReplayLoss=0.0, TotalLoss=0.001
Train epoch 81: MCLoss=0.0, EILoss=0.0, BufferReplayLoss=0.0, TotalLoss=0.001
Train epoch 82: MCLoss=0.0, EILoss=0.0, BufferReplayLoss=0.0, TotalLoss=0.001
Train epoch 83: MCLoss=0.0, EILoss=0.0, BufferReplayLoss=0.0, TotalLoss=0.001
Train epoch 84: MCLoss=0.0, EILoss=0.0, BufferReplayLoss=0.0, TotalLoss=0.001
Train epoch 85: MCLoss=0.0, EILoss=0.0, BufferReplayLoss=0.0, TotalLoss=0.001
Train epoch 86: MCLoss=0.0, EILoss=0.0, BufferReplayLoss=0.0, TotalLoss=0.001
Train epoch 87: MCLoss=0.0, EILoss=0.0, BufferReplayLoss=0.0, TotalLoss=0.001
Train epoch 88: MCLoss=0.0, EILoss=0.0, BufferReplayLoss=0.0, TotalLoss=0.001
Train epoch 89: MCLoss=0.0, EILoss=0.0, BufferReplayLoss=0.0, TotalLoss=0.001
Train epoch 90: MCLoss=0.0, EILoss=0.0, BufferReplayLoss=0.0, TotalLoss=0.001
Train epoch 91: MCLoss=0.0, EILoss=0.0, BufferReplayLoss=0.0, TotalLoss=0.001
Train epoch 92: MCLoss=0.0, EILoss=0.0, BufferReplayLoss=0.0, TotalLoss=0.001
Train epoch 93: MCLoss=0.0, EILoss=0.0, BufferReplayLoss=0.0, TotalLoss=0.001
Train epoch 94: MCLoss=0.0, EILoss=0.0, BufferReplayLoss=0.0, TotalLoss=0.001
Train epoch 95: MCLoss=0.0, EILoss=0.0, BufferReplayLoss=0.0, TotalLoss=0.001
Train epoch 96: MCLoss=0.0, EILoss=0.0, BufferReplayLoss=0.0, TotalLoss=0.001
Train epoch 97: MCLoss=0.0, EILoss=0.0, BufferReplayLoss=0.0, TotalLoss=0.001
Train epoch 98: MCLoss=0.0, EILoss=0.0, BufferReplayLoss=0.0, TotalLoss=0.001
Train epoch 99: MCLoss=0.0, EILoss=0.0, BufferReplayLoss=0.0, TotalLoss=0.001
Train epoch 100: MCLoss=0.0, EILoss=0.0, BufferReplayLoss=0.0, TotalLoss=0.001
Train epoch 101: MCLoss=0.0, EILoss=0.0, BufferReplayLoss=0.0, TotalLoss=0.001
Train epoch 102: MCLoss=0.0, EILoss=0.0, BufferReplayLoss=0.0, TotalLoss=0.001
Train epoch 103: MCLoss=0.0, EILoss=0.0, BufferReplayLoss=0.0, TotalLoss=0.001
Train epoch 104: MCLoss=0.0, EILoss=0.0, BufferReplayLoss=0.0, TotalLoss=0.001
Train epoch 105: MCLoss=0.0, EILoss=0.0, BufferReplayLoss=0.0, TotalLoss=0.001
Train epoch 106: MCLoss=0.0, EILoss=0.0, BufferReplayLoss=0.0, TotalLoss=0.001
Train epoch 107: MCLoss=0.0, EILoss=0.0, BufferReplayLoss=0.0, TotalLoss=0.001
Train epoch 108: MCLoss=0.0, EILoss=0.0, BufferReplayLoss=0.0, TotalLoss=0.001
Train epoch 109: MCLoss=0.0, EILoss=0.0, BufferReplayLoss=0.0, TotalLoss=0.001
Train epoch 110: MCLoss=0.0, EILoss=0.0, BufferReplayLoss=0.0, TotalLoss=0.001
Train epoch 111: MCLoss=0.0, EILoss=0.0, BufferReplayLoss=0.0, TotalLoss=0.001
Train epoch 112: MCLoss=0.0, EILoss=0.0, BufferReplayLoss=0.0, TotalLoss=0.001
Train epoch 113: MCLoss=0.0, EILoss=0.0, BufferReplayLoss=0.0, TotalLoss=0.001
Train epoch 114: MCLoss=0.0, EILoss=0.0, BufferReplayLoss=0.0, TotalLoss=0.001
Train epoch 115: MCLoss=0.0, EILoss=0.0, BufferReplayLoss=0.0, TotalLoss=0.001
Train epoch 116: MCLoss=0.0, EILoss=0.0, BufferReplayLoss=0.0, TotalLoss=0.001
Train epoch 117: MCLoss=0.0, EILoss=0.0, BufferReplayLoss=0.0, TotalLoss=0.001
Train epoch 118: MCLoss=0.0, EILoss=0.0, BufferReplayLoss=0.0, TotalLoss=0.001
Train epoch 119: MCLoss=0.0, EILoss=0.0, BufferReplayLoss=0.0, TotalLoss=0.001
Train epoch 120: MCLoss=0.0, EILoss=0.0, BufferReplayLoss=0.0, TotalLoss=0.001
Train epoch 121: MCLoss=0.0, EILoss=0.0, BufferReplayLoss=0.0, TotalLoss=0.001
Train epoch 122: MCLoss=0.0, EILoss=0.0, BufferReplayLoss=0.0, TotalLoss=0.001
Train epoch 123: MCLoss=0.0, EILoss=0.0, BufferReplayLoss=0.0, TotalLoss=0.001
Train epoch 124: MCLoss=0.0, EILoss=0.0, BufferReplayLoss=0.0, TotalLoss=0.001
Train epoch 125: MCLoss=0.0, EILoss=0.0, BufferReplayLoss=0.0, TotalLoss=0.001
Train epoch 126: MCLoss=0.0, EILoss=0.0, BufferReplayLoss=0.0, TotalLoss=0.001
Train epoch 127: MCLoss=0.0, EILoss=0.0, BufferReplayLoss=0.0, TotalLoss=0.001
Train epoch 128: MCLoss=0.0, EILoss=0.0, BufferReplayLoss=0.0, TotalLoss=0.001
Train epoch 129: MCLoss=0.0, EILoss=0.0, BufferReplayLoss=0.0, TotalLoss=0.001
Train epoch 130: MCLoss=0.0, EILoss=0.0, BufferReplayLoss=0.0, TotalLoss=0.001
Train epoch 131: MCLoss=0.0, EILoss=0.0, BufferReplayLoss=0.0, TotalLoss=0.001
Train epoch 132: MCLoss=0.0, EILoss=0.0, BufferReplayLoss=0.0, TotalLoss=0.001
Train epoch 133: MCLoss=0.0, EILoss=0.0, BufferReplayLoss=0.0, TotalLoss=0.001
Train epoch 134: MCLoss=0.0, EILoss=0.0, BufferReplayLoss=0.0, TotalLoss=0.001
Train epoch 135: MCLoss=0.0, EILoss=0.0, BufferReplayLoss=0.0, TotalLoss=0.001
Train epoch 136: MCLoss=0.0, EILoss=0.0, BufferReplayLoss=0.0, TotalLoss=0.001
Train epoch 137: MCLoss=0.0, EILoss=0.0, BufferReplayLoss=0.0, TotalLoss=0.001
Train epoch 138: MCLoss=0.0, EILoss=0.0, BufferReplayLoss=0.0, TotalLoss=0.001
Train epoch 139: MCLoss=0.0, EILoss=0.0, BufferReplayLoss=0.0, TotalLoss=0.001
Train epoch 140: MCLoss=0.0, EILoss=0.0, BufferReplayLoss=0.0, TotalLoss=0.001
Train epoch 141: MCLoss=0.0, EILoss=0.0, BufferReplayLoss=0.0, TotalLoss=0.001
Train epoch 142: MCLoss=0.0, EILoss=0.0, BufferReplayLoss=0.0, TotalLoss=0.001
Train epoch 143: MCLoss=0.0, EILoss=0.0, BufferReplayLoss=0.0, TotalLoss=0.001
Train epoch 144: MCLoss=0.0, EILoss=0.0, BufferReplayLoss=0.0, TotalLoss=0.001
Train epoch 145: MCLoss=0.0, EILoss=0.0, BufferReplayLoss=0.0, TotalLoss=0.001
Train epoch 146: MCLoss=0.0, EILoss=0.0, BufferReplayLoss=0.0, TotalLoss=0.001
Train epoch 147: MCLoss=0.0, EILoss=0.0, BufferReplayLoss=0.0, TotalLoss=0.001
Train epoch 148: MCLoss=0.0, EILoss=0.0, BufferReplayLoss=0.0, TotalLoss=0.001
Train epoch 149: MCLoss=0.0, EILoss=0.0, BufferReplayLoss=0.0, TotalLoss=0.001
{
  "arm": "ER+EI",
  "N_buf": 1,
  "seed": 1,
  "PSNR_T1": 29.19024085998535,
  "PSNR_T2": 26.553507804870605,
  "Avg": 27.87187433242798,
  "Fgt": -2.5650367736816406
}

Wrote /workspace/experiments/cvpr_stage0_er_ei/recorded_smoke/seed1_grid/nbuf1/metrics_nbuf1_seed1.csv
Wrote /workspace/experiments/cvpr_stage0_er_ei/recorded_smoke/seed1_grid/nbuf1/metrics_nbuf1_seed1.json
go/kill: {
  "verdict": "INCONCLUSIVE",
  "reason": "ER+EI Fgt is not better than ER+MC on the N_buf values that were run; run N_buf=4 to apply the kill rule on both N.",
  "comparisons": [
    {
      "N_buf": 1,
      "Fgt_ER+EI": -2.5650367736816406,
      "Fgt_ER+MC": -2.8471145629882812,
      "Fgt_Fine-tune": -1.8329706192016602,
      "ER+EI_better_Fgt_than_ER+MC": false,
      "delta_Fgt_MC_minus_EI": -0.2820777893066406
    }
  ],
  "n_buf_observed": [
    1
  ],
  "grid_complete": false,
  "note": "Go/kill is defined on Fgt after T2 (lower is better). Tiny CPU smokes verify the pipeline; they are not a science decision."
}

=== arm=finetune N_buf=4 seed=1 device=cpu ===
The model has 187019 trainable parameters
Train epoch 0: MCLoss=5.238, EILoss=2954.086, TotalLoss=2959.324
Train epoch 1: MCLoss=0.353, EILoss=12.708, TotalLoss=13.06
Train epoch 2: MCLoss=0.473, EILoss=6.995, TotalLoss=7.468
Train epoch 3: MCLoss=0.239, EILoss=0.253, TotalLoss=0.492
Train epoch 4: MCLoss=0.152, EILoss=0.032, TotalLoss=0.184
Train epoch 5: MCLoss=0.113, EILoss=0.025, TotalLoss=0.138
Train epoch 6: MCLoss=0.098, EILoss=0.037, TotalLoss=0.136
Train epoch 7: MCLoss=0.089, EILoss=0.038, TotalLoss=0.127
Train epoch 8: MCLoss=0.079, EILoss=0.025, TotalLoss=0.104
Train epoch 9: MCLoss=0.062, EILoss=0.014, TotalLoss=0.076
Train epoch 10: MCLoss=0.054, EILoss=0.018, TotalLoss=0.072
Train epoch 11: MCLoss=0.055, EILoss=0.02, TotalLoss=0.075
Train epoch 12: MCLoss=0.056, EILoss=0.019, TotalLoss=0.074
Train epoch 13: MCLoss=0.052, EILoss=0.018, TotalLoss=0.07
Train epoch 14: MCLoss=0.047, EILoss=0.017, TotalLoss=0.063
Train epoch 15: MCLoss=0.042, EILoss=0.015, TotalLoss=0.057
Train epoch 16: MCLoss=0.036, EILoss=0.011, TotalLoss=0.048
Train epoch 17: MCLoss=0.033, EILoss=0.01, TotalLoss=0.043
Train epoch 18: MCLoss=0.03, EILoss=0.008, TotalLoss=0.037
Train epoch 19: MCLoss=0.027, EILoss=0.006, TotalLoss=0.033
Train epoch 20: MCLoss=0.024, EILoss=0.005, TotalLoss=0.029
Train epoch 21: MCLoss=0.021, EILoss=0.004, TotalLoss=0.025
Train epoch 22: MCLoss=0.02, EILoss=0.003, TotalLoss=0.023
Train epoch 23: MCLoss=0.018, EILoss=0.003, TotalLoss=0.021
Train epoch 24: MCLoss=0.017, EILoss=0.003, TotalLoss=0.02
Train epoch 25: MCLoss=0.014, EILoss=0.003, TotalLoss=0.017
Train epoch 26: MCLoss=0.011, EILoss=0.003, TotalLoss=0.014
Train epoch 27: MCLoss=0.009, EILoss=0.004, TotalLoss=0.013
Train epoch 28: MCLoss=0.008, EILoss=0.004, TotalLoss=0.012
Train epoch 29: MCLoss=0.008, EILoss=0.003, TotalLoss=0.011
Train epoch 30: MCLoss=0.008, EILoss=0.003, TotalLoss=0.01
Train epoch 31: MCLoss=0.007, EILoss=0.002, TotalLoss=0.01
Train epoch 32: MCLoss=0.007, EILoss=0.002, TotalLoss=0.009
Train epoch 33: MCLoss=0.006, EILoss=0.002, TotalLoss=0.009
Train epoch 34: MCLoss=0.006, EILoss=0.002, TotalLoss=0.008
Train epoch 35: MCLoss=0.005, EILoss=0.002, TotalLoss=0.008
Train epoch 36: MCLoss=0.004, EILoss=0.002, TotalLoss=0.007
Train epoch 37: MCLoss=0.003, EILoss=0.002, TotalLoss=0.006
Train epoch 38: MCLoss=0.003, EILoss=0.002, TotalLoss=0.005
Train epoch 39: MCLoss=0.002, EILoss=0.003, TotalLoss=0.005
Train epoch 40: MCLoss=0.002, EILoss=0.002, TotalLoss=0.005
Train epoch 41: MCLoss=0.002, EILoss=0.002, TotalLoss=0.005
Train epoch 42: MCLoss=0.002, EILoss=0.002, TotalLoss=0.005
Train epoch 43: MCLoss=0.002, EILoss=0.002, TotalLoss=0.004
Train epoch 44: MCLoss=0.002, EILoss=0.002, TotalLoss=0.004
Train epoch 45: MCLoss=0.002, EILoss=0.002, TotalLoss=0.004
Train epoch 46: MCLoss=0.002, EILoss=0.002, TotalLoss=0.004
Train epoch 47: MCLoss=0.002, EILoss=0.002, TotalLoss=0.003
Train epoch 48: MCLoss=0.002, EILoss=0.002, TotalLoss=0.003
Train epoch 49: MCLoss=0.001, EILoss=0.002, TotalLoss=0.003
Train epoch 50: MCLoss=0.001, EILoss=0.002, TotalLoss=0.003
Train epoch 51: MCLoss=0.001, EILoss=0.002, TotalLoss=0.003
Train epoch 52: MCLoss=0.001, EILoss=0.001, TotalLoss=0.003
Train epoch 53: MCLoss=0.001, EILoss=0.001, TotalLoss=0.003
Train epoch 54: MCLoss=0.001, EILoss=0.002, TotalLoss=0.003
Train epoch 55: MCLoss=0.001, EILoss=0.001, TotalLoss=0.003
Train epoch 56: MCLoss=0.001, EILoss=0.001, TotalLoss=0.002
Train epoch 57: MCLoss=0.001, EILoss=0.001, TotalLoss=0.003
Train epoch 58: MCLoss=0.001, EILoss=0.001, TotalLoss=0.002
Train epoch 59: MCLoss=0.001, EILoss=0.001, TotalLoss=0.002
Train epoch 60: MCLoss=0.001, EILoss=0.001, TotalLoss=0.002
Train epoch 61: MCLoss=0.001, EILoss=0.001, TotalLoss=0.002
Train epoch 62: MCLoss=0.001, EILoss=0.001, TotalLoss=0.002
Train epoch 63: MCLoss=0.001, EILoss=0.001, TotalLoss=0.002
Train epoch 64: MCLoss=0.001, EILoss=0.001, TotalLoss=0.002
Train epoch 65: MCLoss=0.001, EILoss=0.001, TotalLoss=0.002
Train epoch 66: MCLoss=0.001, EILoss=0.001, TotalLoss=0.002
Train epoch 67: MCLoss=0.001, EILoss=0.001, TotalLoss=0.002
Train epoch 68: MCLoss=0.001, EILoss=0.001, TotalLoss=0.002
Train epoch 69: MCLoss=0.001, EILoss=0.001, TotalLoss=0.002
Train epoch 70: MCLoss=0.001, EILoss=0.001, TotalLoss=0.002
Train epoch 71: MCLoss=0.001, EILoss=0.001, TotalLoss=0.002
Train epoch 72: MCLoss=0.001, EILoss=0.001, TotalLoss=0.002
Train epoch 73: MCLoss=0.001, EILoss=0.001, TotalLoss=0.002
Train epoch 74: MCLoss=0.001, EILoss=0.001, TotalLoss=0.002
Train epoch 75: MCLoss=0.001, EILoss=0.001, TotalLoss=0.002
Train epoch 76: MCLoss=0.001, EILoss=0.001, TotalLoss=0.002
Train epoch 77: MCLoss=0.001, EILoss=0.001, TotalLoss=0.002
Train epoch 78: MCLoss=0.001, EILoss=0.001, TotalLoss=0.002
Train epoch 79: MCLoss=0.001, EILoss=0.001, TotalLoss=0.002
Train epoch 80: MCLoss=0.001, EILoss=0.001, TotalLoss=0.002
Train epoch 81: MCLoss=0.001, EILoss=0.001, TotalLoss=0.002
Train epoch 82: MCLoss=0.001, EILoss=0.001, TotalLoss=0.002
Train epoch 83: MCLoss=0.001, EILoss=0.001, TotalLoss=0.002
Train epoch 84: MCLoss=0.001, EILoss=0.001, TotalLoss=0.002
Train epoch 85: MCLoss=0.001, EILoss=0.001, TotalLoss=0.001
Train epoch 86: MCLoss=0.001, EILoss=0.001, TotalLoss=0.002
Train epoch 87: MCLoss=0.001, EILoss=0.001, TotalLoss=0.001
Train epoch 88: MCLoss=0.001, EILoss=0.001, TotalLoss=0.001
Train epoch 89: MCLoss=0.001, EILoss=0.001, TotalLoss=0.001
Train epoch 90: MCLoss=0.001, EILoss=0.001, TotalLoss=0.001
Train epoch 91: MCLoss=0.001, EILoss=0.001, TotalLoss=0.001
Train epoch 92: MCLoss=0.001, EILoss=0.001, TotalLoss=0.001
Train epoch 93: MCLoss=0.001, EILoss=0.001, TotalLoss=0.001
Train epoch 94: MCLoss=0.001, EILoss=0.001, TotalLoss=0.001
Train epoch 95: MCLoss=0.001, EILoss=0.001, TotalLoss=0.001
Train epoch 96: MCLoss=0.001, EILoss=0.001, TotalLoss=0.001
Train epoch 97: MCLoss=0.0, EILoss=0.001, TotalLoss=0.001
Train epoch 98: MCLoss=0.001, EILoss=0.001, TotalLoss=0.001
Train epoch 99: MCLoss=0.0, EILoss=0.001, TotalLoss=0.001
Train epoch 100: MCLoss=0.0, EILoss=0.001, TotalLoss=0.001
Train epoch 101: MCLoss=0.0, EILoss=0.001, TotalLoss=0.001
Train epoch 102: MCLoss=0.0, EILoss=0.001, TotalLoss=0.001
Train epoch 103: MCLoss=0.0, EILoss=0.001, TotalLoss=0.001
Train epoch 104: MCLoss=0.0, EILoss=0.001, TotalLoss=0.001
Train epoch 105: MCLoss=0.0, EILoss=0.001, TotalLoss=0.001
Train epoch 106: MCLoss=0.0, EILoss=0.001, TotalLoss=0.001
Train epoch 107: MCLoss=0.0, EILoss=0.001, TotalLoss=0.001
Train epoch 108: MCLoss=0.0, EILoss=0.001, TotalLoss=0.001
Train epoch 109: MCLoss=0.0, EILoss=0.001, TotalLoss=0.001
Train epoch 110: MCLoss=0.0, EILoss=0.001, TotalLoss=0.001
Train epoch 111: MCLoss=0.0, EILoss=0.001, TotalLoss=0.001
Train epoch 112: MCLoss=0.0, EILoss=0.001, TotalLoss=0.001
Train epoch 113: MCLoss=0.0, EILoss=0.001, TotalLoss=0.001
Train epoch 114: MCLoss=0.0, EILoss=0.001, TotalLoss=0.001
Train epoch 115: MCLoss=0.0, EILoss=0.001, TotalLoss=0.001
Train epoch 116: MCLoss=0.0, EILoss=0.001, TotalLoss=0.001
Train epoch 117: MCLoss=0.0, EILoss=0.001, TotalLoss=0.001
Train epoch 118: MCLoss=0.0, EILoss=0.001, TotalLoss=0.001
Train epoch 119: MCLoss=0.0, EILoss=0.001, TotalLoss=0.001
Train epoch 120: MCLoss=0.0, EILoss=0.001, TotalLoss=0.001
Train epoch 121: MCLoss=0.0, EILoss=0.001, TotalLoss=0.001
Train epoch 122: MCLoss=0.0, EILoss=0.001, TotalLoss=0.001
Train epoch 123: MCLoss=0.0, EILoss=0.001, TotalLoss=0.001
Train epoch 124: MCLoss=0.0, EILoss=0.001, TotalLoss=0.001
Train epoch 125: MCLoss=0.0, EILoss=0.001, TotalLoss=0.001
Train epoch 126: MCLoss=0.0, EILoss=0.001, TotalLoss=0.001
Train epoch 127: MCLoss=0.0, EILoss=0.001, TotalLoss=0.001
Train epoch 128: MCLoss=0.0, EILoss=0.001, TotalLoss=0.001
Train epoch 129: MCLoss=0.0, EILoss=0.001, TotalLoss=0.001
Train epoch 130: MCLoss=0.0, EILoss=0.001, TotalLoss=0.001
Train epoch 131: MCLoss=0.0, EILoss=0.001, TotalLoss=0.001
Train epoch 132: MCLoss=0.0, EILoss=0.001, TotalLoss=0.001
Train epoch 133: MCLoss=0.0, EILoss=0.001, TotalLoss=0.001
Train epoch 134: MCLoss=0.0, EILoss=0.001, TotalLoss=0.001
Train epoch 135: MCLoss=0.0, EILoss=0.001, TotalLoss=0.001
Train epoch 136: MCLoss=0.0, EILoss=0.001, TotalLoss=0.001
Train epoch 137: MCLoss=0.001, EILoss=0.001, TotalLoss=0.001
Train epoch 138: MCLoss=0.0, EILoss=0.001, TotalLoss=0.001
Train epoch 139: MCLoss=0.0, EILoss=0.001, TotalLoss=0.001
Train epoch 140: MCLoss=0.0, EILoss=0.001, TotalLoss=0.001
Train epoch 141: MCLoss=0.0, EILoss=0.001, TotalLoss=0.001
Train epoch 142: MCLoss=0.0, EILoss=0.001, TotalLoss=0.001
Train epoch 143: MCLoss=0.0, EILoss=0.001, TotalLoss=0.001
Train epoch 144: MCLoss=0.0, EILoss=0.001, TotalLoss=0.001
Train epoch 145: MCLoss=0.0, EILoss=0.001, TotalLoss=0.001
Train epoch 146: MCLoss=0.001, EILoss=0.001, TotalLoss=0.001
Train epoch 147: MCLoss=0.0, EILoss=0.001, TotalLoss=0.001
Train epoch 148: MCLoss=0.0, EILoss=0.001, TotalLoss=0.001
Train epoch 149: MCLoss=0.0, EILoss=0.001, TotalLoss=0.001
The model has 187019 trainable parameters
Train epoch 0: MCLoss=0.159, EILoss=7.034, TotalLoss=7.192
Train epoch 1: MCLoss=0.008, EILoss=0.013, TotalLoss=0.022
Train epoch 2: MCLoss=0.012, EILoss=0.015, TotalLoss=0.027
Train epoch 3: MCLoss=0.012, EILoss=0.008, TotalLoss=0.02
Train epoch 4: MCLoss=0.015, EILoss=0.011, TotalLoss=0.026
Train epoch 5: MCLoss=0.014, EILoss=0.006, TotalLoss=0.02
Train epoch 6: MCLoss=0.01, EILoss=0.003, TotalLoss=0.013
Train epoch 7: MCLoss=0.005, EILoss=0.003, TotalLoss=0.008
Train epoch 8: MCLoss=0.003, EILoss=0.003, TotalLoss=0.006
Train epoch 9: MCLoss=0.003, EILoss=0.003, TotalLoss=0.006
Train epoch 10: MCLoss=0.001, EILoss=0.002, TotalLoss=0.003
Train epoch 11: MCLoss=0.001, EILoss=0.001, TotalLoss=0.002
Train epoch 12: MCLoss=0.002, EILoss=0.001, TotalLoss=0.003
Train epoch 13: MCLoss=0.001, EILoss=0.001, TotalLoss=0.003
Train epoch 14: MCLoss=0.001, EILoss=0.001, TotalLoss=0.002
Train epoch 15: MCLoss=0.0, EILoss=0.001, TotalLoss=0.001
Train epoch 16: MCLoss=0.0, EILoss=0.001, TotalLoss=0.001
Train epoch 17: MCLoss=0.0, EILoss=0.001, TotalLoss=0.001
Train epoch 18: MCLoss=0.0, EILoss=0.001, TotalLoss=0.001
Train epoch 19: MCLoss=0.0, EILoss=0.001, TotalLoss=0.001
Train epoch 20: MCLoss=0.0, EILoss=0.001, TotalLoss=0.001
Train epoch 21: MCLoss=0.0, EILoss=0.001, TotalLoss=0.001
Train epoch 22: MCLoss=0.0, EILoss=0.001, TotalLoss=0.001
Train epoch 23: MCLoss=0.0, EILoss=0.0, TotalLoss=0.001
Train epoch 24: MCLoss=0.0, EILoss=0.001, TotalLoss=0.001
Train epoch 25: MCLoss=0.0, EILoss=0.0, TotalLoss=0.001
Train epoch 26: MCLoss=0.0, EILoss=0.001, TotalLoss=0.001
Train epoch 27: MCLoss=0.0, EILoss=0.0, TotalLoss=0.001
Train epoch 28: MCLoss=0.0, EILoss=0.0, TotalLoss=0.001
Train epoch 29: MCLoss=0.0, EILoss=0.0, TotalLoss=0.001
Train epoch 30: MCLoss=0.0, EILoss=0.0, TotalLoss=0.001
Train epoch 31: MCLoss=0.0, EILoss=0.0, TotalLoss=0.001
Train epoch 32: MCLoss=0.0, EILoss=0.0, TotalLoss=0.001
Train epoch 33: MCLoss=0.0, EILoss=0.0, TotalLoss=0.001
Train epoch 34: MCLoss=0.0, EILoss=0.0, TotalLoss=0.001
Train epoch 35: MCLoss=0.0, EILoss=0.0, TotalLoss=0.001
Train epoch 36: MCLoss=0.0, EILoss=0.0, TotalLoss=0.001
Train epoch 37: MCLoss=0.0, EILoss=0.0, TotalLoss=0.0
Train epoch 38: MCLoss=0.0, EILoss=0.0, TotalLoss=0.0
Train epoch 39: MCLoss=0.0, EILoss=0.0, TotalLoss=0.0
Train epoch 40: MCLoss=0.0, EILoss=0.0, TotalLoss=0.0
Train epoch 41: MCLoss=0.0, EILoss=0.0, TotalLoss=0.001
Train epoch 42: MCLoss=0.0, EILoss=0.0, TotalLoss=0.0
Train epoch 43: MCLoss=0.0, EILoss=0.0, TotalLoss=0.0
Train epoch 44: MCLoss=0.0, EILoss=0.0, TotalLoss=0.0
Train epoch 45: MCLoss=0.0, EILoss=0.0, TotalLoss=0.0
Train epoch 46: MCLoss=0.0, EILoss=0.0, TotalLoss=0.0
Train epoch 47: MCLoss=0.0, EILoss=0.0, TotalLoss=0.0
Train epoch 48: MCLoss=0.0, EILoss=0.0, TotalLoss=0.0
Train epoch 49: MCLoss=0.0, EILoss=0.0, TotalLoss=0.0
Train epoch 50: MCLoss=0.0, EILoss=0.0, TotalLoss=0.0
Train epoch 51: MCLoss=0.0, EILoss=0.0, TotalLoss=0.0
Train epoch 52: MCLoss=0.0, EILoss=0.0, TotalLoss=0.0
Train epoch 53: MCLoss=0.0, EILoss=0.0, TotalLoss=0.0
Train epoch 54: MCLoss=0.0, EILoss=0.0, TotalLoss=0.0
Train epoch 55: MCLoss=0.0, EILoss=0.0, TotalLoss=0.0
Train epoch 56: MCLoss=0.0, EILoss=0.0, TotalLoss=0.0
Train epoch 57: MCLoss=0.0, EILoss=0.0, TotalLoss=0.0
Train epoch 58: MCLoss=0.0, EILoss=0.0, TotalLoss=0.0
Train epoch 59: MCLoss=0.0, EILoss=0.0, TotalLoss=0.0
Train epoch 60: MCLoss=0.0, EILoss=0.0, TotalLoss=0.0
Train epoch 61: MCLoss=0.0, EILoss=0.0, TotalLoss=0.0
Train epoch 62: MCLoss=0.0, EILoss=0.0, TotalLoss=0.0
Train epoch 63: MCLoss=0.0, EILoss=0.0, TotalLoss=0.0
Train epoch 64: MCLoss=0.0, EILoss=0.0, TotalLoss=0.0
Train epoch 65: MCLoss=0.0, EILoss=0.0, TotalLoss=0.0
Train epoch 66: MCLoss=0.0, EILoss=0.0, TotalLoss=0.0
Train epoch 67: MCLoss=0.0, EILoss=0.0, TotalLoss=0.0
Train epoch 68: MCLoss=0.0, EILoss=0.0, TotalLoss=0.0
Train epoch 69: MCLoss=0.0, EILoss=0.0, TotalLoss=0.0
Train epoch 70: MCLoss=0.0, EILoss=0.0, TotalLoss=0.0
Train epoch 71: MCLoss=0.0, EILoss=0.0, TotalLoss=0.0
Train epoch 72: MCLoss=0.0, EILoss=0.0, TotalLoss=0.0
Train epoch 73: MCLoss=0.0, EILoss=0.0, TotalLoss=0.0
Train epoch 74: MCLoss=0.0, EILoss=0.0, TotalLoss=0.0
Train epoch 75: MCLoss=0.0, EILoss=0.0, TotalLoss=0.0
Train epoch 76: MCLoss=0.0, EILoss=0.0, TotalLoss=0.0
Train epoch 77: MCLoss=0.0, EILoss=0.0, TotalLoss=0.0
Train epoch 78: MCLoss=0.0, EILoss=0.0, TotalLoss=0.0
Train epoch 79: MCLoss=0.0, EILoss=0.0, TotalLoss=0.0
Train epoch 80: MCLoss=0.0, EILoss=0.0, TotalLoss=0.0
Train epoch 81: MCLoss=0.0, EILoss=0.0, TotalLoss=0.0
Train epoch 82: MCLoss=0.0, EILoss=0.0, TotalLoss=0.0
Train epoch 83: MCLoss=0.0, EILoss=0.0, TotalLoss=0.0
Train epoch 84: MCLoss=0.0, EILoss=0.0, TotalLoss=0.0
Train epoch 85: MCLoss=0.0, EILoss=0.0, TotalLoss=0.0
Train epoch 86: MCLoss=0.0, EILoss=0.0, TotalLoss=0.0
Train epoch 87: MCLoss=0.0, EILoss=0.0, TotalLoss=0.0
Train epoch 88: MCLoss=0.0, EILoss=0.0, TotalLoss=0.0
Train epoch 89: MCLoss=0.0, EILoss=0.0, TotalLoss=0.0
Train epoch 90: MCLoss=0.0, EILoss=0.0, TotalLoss=0.0
Train epoch 91: MCLoss=0.0, EILoss=0.0, TotalLoss=0.0
Train epoch 92: MCLoss=0.0, EILoss=0.0, TotalLoss=0.0
Train epoch 93: MCLoss=0.0, EILoss=0.0, TotalLoss=0.0
Train epoch 94: MCLoss=0.0, EILoss=0.0, TotalLoss=0.0
Train epoch 95: MCLoss=0.0, EILoss=0.0, TotalLoss=0.0
Train epoch 96: MCLoss=0.0, EILoss=0.0, TotalLoss=0.0
Train epoch 97: MCLoss=0.0, EILoss=0.0, TotalLoss=0.0
Train epoch 98: MCLoss=0.0, EILoss=0.0, TotalLoss=0.0
Train epoch 99: MCLoss=0.0, EILoss=0.0, TotalLoss=0.0
Train epoch 100: MCLoss=0.0, EILoss=0.0, TotalLoss=0.0
Train epoch 101: MCLoss=0.0, EILoss=0.0, TotalLoss=0.0
Train epoch 102: MCLoss=0.0, EILoss=0.0, TotalLoss=0.0
Train epoch 103: MCLoss=0.0, EILoss=0.0, TotalLoss=0.0
Train epoch 104: MCLoss=0.0, EILoss=0.0, TotalLoss=0.0
Train epoch 105: MCLoss=0.0, EILoss=0.0, TotalLoss=0.0
Train epoch 106: MCLoss=0.0, EILoss=0.0, TotalLoss=0.0
Train epoch 107: MCLoss=0.0, EILoss=0.0, TotalLoss=0.0
Train epoch 108: MCLoss=0.0, EILoss=0.0, TotalLoss=0.0
Train epoch 109: MCLoss=0.0, EILoss=0.0, TotalLoss=0.0
Train epoch 110: MCLoss=0.0, EILoss=0.0, TotalLoss=0.0
Train epoch 111: MCLoss=0.0, EILoss=0.0, TotalLoss=0.0
Train epoch 112: MCLoss=0.0, EILoss=0.0, TotalLoss=0.0
Train epoch 113: MCLoss=0.0, EILoss=0.0, TotalLoss=0.0
Train epoch 114: MCLoss=0.0, EILoss=0.0, TotalLoss=0.0
Train epoch 115: MCLoss=0.0, EILoss=0.0, TotalLoss=0.0
Train epoch 116: MCLoss=0.0, EILoss=0.0, TotalLoss=0.0
Train epoch 117: MCLoss=0.0, EILoss=0.0, TotalLoss=0.0
Train epoch 118: MCLoss=0.0, EILoss=0.0, TotalLoss=0.0
Train epoch 119: MCLoss=0.0, EILoss=0.0, TotalLoss=0.0
Train epoch 120: MCLoss=0.0, EILoss=0.0, TotalLoss=0.0
Train epoch 121: MCLoss=0.0, EILoss=0.0, TotalLoss=0.0
Train epoch 122: MCLoss=0.0, EILoss=0.0, TotalLoss=0.0
Train epoch 123: MCLoss=0.0, EILoss=0.0, TotalLoss=0.0
Train epoch 124: MCLoss=0.0, EILoss=0.0, TotalLoss=0.0
Train epoch 125: MCLoss=0.0, EILoss=0.0, TotalLoss=0.0
Train epoch 126: MCLoss=0.0, EILoss=0.0, TotalLoss=0.0
Train epoch 127: MCLoss=0.0, EILoss=0.0, TotalLoss=0.0
Train epoch 128: MCLoss=0.0, EILoss=0.0, TotalLoss=0.0
Train epoch 129: MCLoss=0.0, EILoss=0.0, TotalLoss=0.0
Train epoch 130: MCLoss=0.0, EILoss=0.0, TotalLoss=0.0
Train epoch 131: MCLoss=0.0, EILoss=0.0, TotalLoss=0.0
Train epoch 132: MCLoss=0.0, EILoss=0.0, TotalLoss=0.0
Train epoch 133: MCLoss=0.0, EILoss=0.0, TotalLoss=0.0
Train epoch 134: MCLoss=0.0, EILoss=0.0, TotalLoss=0.0
Train epoch 135: MCLoss=0.0, EILoss=0.0, TotalLoss=0.0
Train epoch 136: MCLoss=0.0, EILoss=0.0, TotalLoss=0.0
Train epoch 137: MCLoss=0.0, EILoss=0.0, TotalLoss=0.0
Train epoch 138: MCLoss=0.0, EILoss=0.0, TotalLoss=0.0
Train epoch 139: MCLoss=0.0, EILoss=0.0, TotalLoss=0.0
Train epoch 140: MCLoss=0.0, EILoss=0.0, TotalLoss=0.0
Train epoch 141: MCLoss=0.0, EILoss=0.0, TotalLoss=0.0
Train epoch 142: MCLoss=0.0, EILoss=0.0, TotalLoss=0.0
Train epoch 143: MCLoss=0.0, EILoss=0.0, TotalLoss=0.0
Train epoch 144: MCLoss=0.0, EILoss=0.0, TotalLoss=0.0
Train epoch 145: MCLoss=0.0, EILoss=0.0, TotalLoss=0.0
Train epoch 146: MCLoss=0.0, EILoss=0.0, TotalLoss=0.0
Train epoch 147: MCLoss=0.0, EILoss=0.0, TotalLoss=0.0
Train epoch 148: MCLoss=0.0, EILoss=0.0, TotalLoss=0.0
Train epoch 149: MCLoss=0.0, EILoss=0.0, TotalLoss=0.0
{
  "arm": "Fine-tune",
  "N_buf": 4,
  "seed": 1,
  "PSNR_T1": 28.45817470550537,
  "PSNR_T2": 26.22411060333252,
  "Avg": 27.341142654418945,
  "Fgt": -1.8329706192016602
}

=== arm=er_mc N_buf=4 seed=1 device=cpu ===
The model has 187019 trainable parameters
Train epoch 0: MCLoss=5.238, EILoss=2954.086, TotalLoss=2959.324
Train epoch 1: MCLoss=0.353, EILoss=12.708, TotalLoss=13.06
Train epoch 2: MCLoss=0.473, EILoss=6.995, TotalLoss=7.468
Train epoch 3: MCLoss=0.239, EILoss=0.253, TotalLoss=0.492
Train epoch 4: MCLoss=0.152, EILoss=0.032, TotalLoss=0.184
Train epoch 5: MCLoss=0.113, EILoss=0.025, TotalLoss=0.138
Train epoch 6: MCLoss=0.098, EILoss=0.037, TotalLoss=0.136
Train epoch 7: MCLoss=0.089, EILoss=0.038, TotalLoss=0.127
Train epoch 8: MCLoss=0.079, EILoss=0.025, TotalLoss=0.104
Train epoch 9: MCLoss=0.062, EILoss=0.014, TotalLoss=0.076
Train epoch 10: MCLoss=0.054, EILoss=0.018, TotalLoss=0.072
Train epoch 11: MCLoss=0.055, EILoss=0.02, TotalLoss=0.075
Train epoch 12: MCLoss=0.056, EILoss=0.019, TotalLoss=0.074
Train epoch 13: MCLoss=0.052, EILoss=0.018, TotalLoss=0.07
Train epoch 14: MCLoss=0.047, EILoss=0.017, TotalLoss=0.063
Train epoch 15: MCLoss=0.042, EILoss=0.015, TotalLoss=0.057
Train epoch 16: MCLoss=0.036, EILoss=0.011, TotalLoss=0.048
Train epoch 17: MCLoss=0.033, EILoss=0.01, TotalLoss=0.043
Train epoch 18: MCLoss=0.03, EILoss=0.008, TotalLoss=0.037
Train epoch 19: MCLoss=0.027, EILoss=0.006, TotalLoss=0.033
Train epoch 20: MCLoss=0.024, EILoss=0.005, TotalLoss=0.029
Train epoch 21: MCLoss=0.021, EILoss=0.004, TotalLoss=0.025
Train epoch 22: MCLoss=0.02, EILoss=0.003, TotalLoss=0.023
Train epoch 23: MCLoss=0.018, EILoss=0.003, TotalLoss=0.021
Train epoch 24: MCLoss=0.017, EILoss=0.003, TotalLoss=0.02
Train epoch 25: MCLoss=0.014, EILoss=0.003, TotalLoss=0.017
Train epoch 26: MCLoss=0.011, EILoss=0.003, TotalLoss=0.014
Train epoch 27: MCLoss=0.009, EILoss=0.004, TotalLoss=0.013
Train epoch 28: MCLoss=0.008, EILoss=0.004, TotalLoss=0.012
Train epoch 29: MCLoss=0.008, EILoss=0.003, TotalLoss=0.011
Train epoch 30: MCLoss=0.008, EILoss=0.003, TotalLoss=0.01
Train epoch 31: MCLoss=0.007, EILoss=0.002, TotalLoss=0.01
Train epoch 32: MCLoss=0.007, EILoss=0.002, TotalLoss=0.009
Train epoch 33: MCLoss=0.006, EILoss=0.002, TotalLoss=0.009
Train epoch 34: MCLoss=0.006, EILoss=0.002, TotalLoss=0.008
Train epoch 35: MCLoss=0.005, EILoss=0.002, TotalLoss=0.008
Train epoch 36: MCLoss=0.004, EILoss=0.002, TotalLoss=0.007
Train epoch 37: MCLoss=0.003, EILoss=0.002, TotalLoss=0.006
Train epoch 38: MCLoss=0.003, EILoss=0.002, TotalLoss=0.005
Train epoch 39: MCLoss=0.002, EILoss=0.003, TotalLoss=0.005
Train epoch 40: MCLoss=0.002, EILoss=0.002, TotalLoss=0.005
Train epoch 41: MCLoss=0.002, EILoss=0.002, TotalLoss=0.005
Train epoch 42: MCLoss=0.002, EILoss=0.002, TotalLoss=0.005
Train epoch 43: MCLoss=0.002, EILoss=0.002, TotalLoss=0.004
Train epoch 44: MCLoss=0.002, EILoss=0.002, TotalLoss=0.004
Train epoch 45: MCLoss=0.002, EILoss=0.002, TotalLoss=0.004
Train epoch 46: MCLoss=0.002, EILoss=0.002, TotalLoss=0.004
Train epoch 47: MCLoss=0.002, EILoss=0.002, TotalLoss=0.003
Train epoch 48: MCLoss=0.002, EILoss=0.002, TotalLoss=0.003
Train epoch 49: MCLoss=0.001, EILoss=0.002, TotalLoss=0.003
Train epoch 50: MCLoss=0.001, EILoss=0.002, TotalLoss=0.003
Train epoch 51: MCLoss=0.001, EILoss=0.002, TotalLoss=0.003
Train epoch 52: MCLoss=0.001, EILoss=0.001, TotalLoss=0.003
Train epoch 53: MCLoss=0.001, EILoss=0.001, TotalLoss=0.003
Train epoch 54: MCLoss=0.001, EILoss=0.002, TotalLoss=0.003
Train epoch 55: MCLoss=0.001, EILoss=0.001, TotalLoss=0.003
Train epoch 56: MCLoss=0.001, EILoss=0.001, TotalLoss=0.002
Train epoch 57: MCLoss=0.001, EILoss=0.001, TotalLoss=0.003
Train epoch 58: MCLoss=0.001, EILoss=0.001, TotalLoss=0.002
Train epoch 59: MCLoss=0.001, EILoss=0.001, TotalLoss=0.002
Train epoch 60: MCLoss=0.001, EILoss=0.001, TotalLoss=0.002
Train epoch 61: MCLoss=0.001, EILoss=0.001, TotalLoss=0.002
Train epoch 62: MCLoss=0.001, EILoss=0.001, TotalLoss=0.002
Train epoch 63: MCLoss=0.001, EILoss=0.001, TotalLoss=0.002
Train epoch 64: MCLoss=0.001, EILoss=0.001, TotalLoss=0.002
Train epoch 65: MCLoss=0.001, EILoss=0.001, TotalLoss=0.002
Train epoch 66: MCLoss=0.001, EILoss=0.001, TotalLoss=0.002
Train epoch 67: MCLoss=0.001, EILoss=0.001, TotalLoss=0.002
Train epoch 68: MCLoss=0.001, EILoss=0.001, TotalLoss=0.002
Train epoch 69: MCLoss=0.001, EILoss=0.001, TotalLoss=0.002
Train epoch 70: MCLoss=0.001, EILoss=0.001, TotalLoss=0.002
Train epoch 71: MCLoss=0.001, EILoss=0.001, TotalLoss=0.002
Train epoch 72: MCLoss=0.001, EILoss=0.001, TotalLoss=0.002
Train epoch 73: MCLoss=0.001, EILoss=0.001, TotalLoss=0.002
Train epoch 74: MCLoss=0.001, EILoss=0.001, TotalLoss=0.002
Train epoch 75: MCLoss=0.001, EILoss=0.001, TotalLoss=0.002
Train epoch 76: MCLoss=0.001, EILoss=0.001, TotalLoss=0.002
Train epoch 77: MCLoss=0.001, EILoss=0.001, TotalLoss=0.002
Train epoch 78: MCLoss=0.001, EILoss=0.001, TotalLoss=0.002
Train epoch 79: MCLoss=0.001, EILoss=0.001, TotalLoss=0.002
Train epoch 80: MCLoss=0.001, EILoss=0.001, TotalLoss=0.002
Train epoch 81: MCLoss=0.001, EILoss=0.001, TotalLoss=0.002
Train epoch 82: MCLoss=0.001, EILoss=0.001, TotalLoss=0.002
Train epoch 83: MCLoss=0.001, EILoss=0.001, TotalLoss=0.002
Train epoch 84: MCLoss=0.001, EILoss=0.001, TotalLoss=0.002
Train epoch 85: MCLoss=0.001, EILoss=0.001, TotalLoss=0.001
Train epoch 86: MCLoss=0.001, EILoss=0.001, TotalLoss=0.002
Train epoch 87: MCLoss=0.001, EILoss=0.001, TotalLoss=0.001
Train epoch 88: MCLoss=0.001, EILoss=0.001, TotalLoss=0.001
Train epoch 89: MCLoss=0.001, EILoss=0.001, TotalLoss=0.001
Train epoch 90: MCLoss=0.001, EILoss=0.001, TotalLoss=0.001
Train epoch 91: MCLoss=0.001, EILoss=0.001, TotalLoss=0.001
Train epoch 92: MCLoss=0.001, EILoss=0.001, TotalLoss=0.001
Train epoch 93: MCLoss=0.001, EILoss=0.001, TotalLoss=0.001
Train epoch 94: MCLoss=0.001, EILoss=0.001, TotalLoss=0.001
Train epoch 95: MCLoss=0.001, EILoss=0.001, TotalLoss=0.001
Train epoch 96: MCLoss=0.001, EILoss=0.001, TotalLoss=0.001
Train epoch 97: MCLoss=0.0, EILoss=0.001, TotalLoss=0.001
Train epoch 98: MCLoss=0.001, EILoss=0.001, TotalLoss=0.001
Train epoch 99: MCLoss=0.0, EILoss=0.001, TotalLoss=0.001
Train epoch 100: MCLoss=0.0, EILoss=0.001, TotalLoss=0.001
Train epoch 101: MCLoss=0.0, EILoss=0.001, TotalLoss=0.001
Train epoch 102: MCLoss=0.0, EILoss=0.001, TotalLoss=0.001
Train epoch 103: MCLoss=0.0, EILoss=0.001, TotalLoss=0.001
Train epoch 104: MCLoss=0.0, EILoss=0.001, TotalLoss=0.001
Train epoch 105: MCLoss=0.0, EILoss=0.001, TotalLoss=0.001
Train epoch 106: MCLoss=0.0, EILoss=0.001, TotalLoss=0.001
Train epoch 107: MCLoss=0.0, EILoss=0.001, TotalLoss=0.001
Train epoch 108: MCLoss=0.0, EILoss=0.001, TotalLoss=0.001
Train epoch 109: MCLoss=0.0, EILoss=0.001, TotalLoss=0.001
Train epoch 110: MCLoss=0.0, EILoss=0.001, TotalLoss=0.001
Train epoch 111: MCLoss=0.0, EILoss=0.001, TotalLoss=0.001
Train epoch 112: MCLoss=0.0, EILoss=0.001, TotalLoss=0.001
Train epoch 113: MCLoss=0.0, EILoss=0.001, TotalLoss=0.001
Train epoch 114: MCLoss=0.0, EILoss=0.001, TotalLoss=0.001
Train epoch 115: MCLoss=0.0, EILoss=0.001, TotalLoss=0.001
Train epoch 116: MCLoss=0.0, EILoss=0.001, TotalLoss=0.001
Train epoch 117: MCLoss=0.0, EILoss=0.001, TotalLoss=0.001
Train epoch 118: MCLoss=0.0, EILoss=0.001, TotalLoss=0.001
Train epoch 119: MCLoss=0.0, EILoss=0.001, TotalLoss=0.001
Train epoch 120: MCLoss=0.0, EILoss=0.001, TotalLoss=0.001
Train epoch 121: MCLoss=0.0, EILoss=0.001, TotalLoss=0.001
Train epoch 122: MCLoss=0.0, EILoss=0.001, TotalLoss=0.001
Train epoch 123: MCLoss=0.0, EILoss=0.001, TotalLoss=0.001
Train epoch 124: MCLoss=0.0, EILoss=0.001, TotalLoss=0.001
Train epoch 125: MCLoss=0.0, EILoss=0.001, TotalLoss=0.001
Train epoch 126: MCLoss=0.0, EILoss=0.001, TotalLoss=0.001
Train epoch 127: MCLoss=0.0, EILoss=0.001, TotalLoss=0.001
Train epoch 128: MCLoss=0.0, EILoss=0.001, TotalLoss=0.001
Train epoch 129: MCLoss=0.0, EILoss=0.001, TotalLoss=0.001
Train epoch 130: MCLoss=0.0, EILoss=0.001, TotalLoss=0.001
Train epoch 131: MCLoss=0.0, EILoss=0.001, TotalLoss=0.001
Train epoch 132: MCLoss=0.0, EILoss=0.001, TotalLoss=0.001
Train epoch 133: MCLoss=0.0, EILoss=0.001, TotalLoss=0.001
Train epoch 134: MCLoss=0.0, EILoss=0.001, TotalLoss=0.001
Train epoch 135: MCLoss=0.0, EILoss=0.001, TotalLoss=0.001
Train epoch 136: MCLoss=0.0, EILoss=0.001, TotalLoss=0.001
Train epoch 137: MCLoss=0.001, EILoss=0.001, TotalLoss=0.001
Train epoch 138: MCLoss=0.0, EILoss=0.001, TotalLoss=0.001
Train epoch 139: MCLoss=0.0, EILoss=0.001, TotalLoss=0.001
Train epoch 140: MCLoss=0.0, EILoss=0.001, TotalLoss=0.001
Train epoch 141: MCLoss=0.0, EILoss=0.001, TotalLoss=0.001
Train epoch 142: MCLoss=0.0, EILoss=0.001, TotalLoss=0.001
Train epoch 143: MCLoss=0.0, EILoss=0.001, TotalLoss=0.001
Train epoch 144: MCLoss=0.0, EILoss=0.001, TotalLoss=0.001
Train epoch 145: MCLoss=0.0, EILoss=0.001, TotalLoss=0.001
Train epoch 146: MCLoss=0.001, EILoss=0.001, TotalLoss=0.001
Train epoch 147: MCLoss=0.0, EILoss=0.001, TotalLoss=0.001
Train epoch 148: MCLoss=0.0, EILoss=0.001, TotalLoss=0.001
Train epoch 149: MCLoss=0.0, EILoss=0.001, TotalLoss=0.001
The model has 187019 trainable parameters
Train epoch 0: MCLoss=0.198, EILoss=7.171, BufferReplayLoss=0.347, TotalLoss=7.716
Train epoch 1: MCLoss=0.011, EILoss=0.033, BufferReplayLoss=0.013, TotalLoss=0.057
Train epoch 2: MCLoss=0.003, EILoss=0.003, BufferReplayLoss=0.003, TotalLoss=0.009
Train epoch 3: MCLoss=0.006, EILoss=0.009, BufferReplayLoss=0.007, TotalLoss=0.022
Train epoch 4: MCLoss=0.009, EILoss=0.01, BufferReplayLoss=0.009, TotalLoss=0.028
Train epoch 5: MCLoss=0.008, EILoss=0.006, BufferReplayLoss=0.007, TotalLoss=0.021
Train epoch 6: MCLoss=0.006, EILoss=0.005, BufferReplayLoss=0.007, TotalLoss=0.017
Train epoch 7: MCLoss=0.003, EILoss=0.003, BufferReplayLoss=0.004, TotalLoss=0.011
Train epoch 8: MCLoss=0.002, EILoss=0.002, BufferReplayLoss=0.002, TotalLoss=0.006
Train epoch 9: MCLoss=0.001, EILoss=0.001, BufferReplayLoss=0.001, TotalLoss=0.003
Train epoch 10: MCLoss=0.001, EILoss=0.001, BufferReplayLoss=0.002, TotalLoss=0.004
Train epoch 11: MCLoss=0.001, EILoss=0.002, BufferReplayLoss=0.002, TotalLoss=0.005
Train epoch 12: MCLoss=0.001, EILoss=0.001, BufferReplayLoss=0.001, TotalLoss=0.004
Train epoch 13: MCLoss=0.001, EILoss=0.001, BufferReplayLoss=0.001, TotalLoss=0.002
Train epoch 14: MCLoss=0.0, EILoss=0.001, BufferReplayLoss=0.001, TotalLoss=0.002
Train epoch 15: MCLoss=0.001, EILoss=0.001, BufferReplayLoss=0.001, TotalLoss=0.002
Train epoch 16: MCLoss=0.001, EILoss=0.001, BufferReplayLoss=0.001, TotalLoss=0.002
Train epoch 17: MCLoss=0.0, EILoss=0.001, BufferReplayLoss=0.001, TotalLoss=0.002
Train epoch 18: MCLoss=0.0, EILoss=0.001, BufferReplayLoss=0.0, TotalLoss=0.001
Train epoch 19: MCLoss=0.0, EILoss=0.001, BufferReplayLoss=0.0, TotalLoss=0.001
Train epoch 20: MCLoss=0.0, EILoss=0.001, BufferReplayLoss=0.0, TotalLoss=0.001
Train epoch 21: MCLoss=0.0, EILoss=0.001, BufferReplayLoss=0.0, TotalLoss=0.001
Train epoch 22: MCLoss=0.0, EILoss=0.001, BufferReplayLoss=0.0, TotalLoss=0.001
Train epoch 23: MCLoss=0.0, EILoss=0.001, BufferReplayLoss=0.0, TotalLoss=0.001
Train epoch 24: MCLoss=0.0, EILoss=0.001, BufferReplayLoss=0.0, TotalLoss=0.001
Train epoch 25: MCLoss=0.0, EILoss=0.001, BufferReplayLoss=0.0, TotalLoss=0.001
Train epoch 26: MCLoss=0.0, EILoss=0.001, BufferReplayLoss=0.0, TotalLoss=0.001
Train epoch 27: MCLoss=0.0, EILoss=0.001, BufferReplayLoss=0.0, TotalLoss=0.001
Train epoch 28: MCLoss=0.0, EILoss=0.001, BufferReplayLoss=0.0, TotalLoss=0.001
Train epoch 29: MCLoss=0.0, EILoss=0.001, BufferReplayLoss=0.0, TotalLoss=0.001
Train epoch 30: MCLoss=0.0, EILoss=0.001, BufferReplayLoss=0.0, TotalLoss=0.001
Train epoch 31: MCLoss=0.0, EILoss=0.0, BufferReplayLoss=0.0, TotalLoss=0.001
Train epoch 32: MCLoss=0.0, EILoss=0.0, BufferReplayLoss=0.0, TotalLoss=0.001
Train epoch 33: MCLoss=0.0, EILoss=0.0, BufferReplayLoss=0.0, TotalLoss=0.001
Train epoch 34: MCLoss=0.0, EILoss=0.001, BufferReplayLoss=0.0, TotalLoss=0.001
Train epoch 35: MCLoss=0.0, EILoss=0.001, BufferReplayLoss=0.0, TotalLoss=0.001
Train epoch 36: MCLoss=0.0, EILoss=0.0, BufferReplayLoss=0.0, TotalLoss=0.001
Train epoch 37: MCLoss=0.0, EILoss=0.0, BufferReplayLoss=0.0, TotalLoss=0.001
Train epoch 38: MCLoss=0.0, EILoss=0.0, BufferReplayLoss=0.0, TotalLoss=0.001
Train epoch 39: MCLoss=0.0, EILoss=0.0, BufferReplayLoss=0.0, TotalLoss=0.001
Train epoch 40: MCLoss=0.0, EILoss=0.0, BufferReplayLoss=0.0, TotalLoss=0.001
Train epoch 41: MCLoss=0.0, EILoss=0.001, BufferReplayLoss=0.0, TotalLoss=0.001
Train epoch 42: MCLoss=0.0, EILoss=0.0, BufferReplayLoss=0.0, TotalLoss=0.001
Train epoch 43: MCLoss=0.0, EILoss=0.0, BufferReplayLoss=0.0, TotalLoss=0.001
Train epoch 44: MCLoss=0.0, EILoss=0.0, BufferReplayLoss=0.0, TotalLoss=0.001
Train epoch 45: MCLoss=0.0, EILoss=0.0, BufferReplayLoss=0.0, TotalLoss=0.001
Train epoch 46: MCLoss=0.0, EILoss=0.0, BufferReplayLoss=0.0, TotalLoss=0.001
Train epoch 47: MCLoss=0.0, EILoss=0.0, BufferReplayLoss=0.0, TotalLoss=0.001
Train epoch 48: MCLoss=0.0, EILoss=0.0, BufferReplayLoss=0.0, TotalLoss=0.001
Train epoch 49: MCLoss=0.0, EILoss=0.0, BufferReplayLoss=0.0, TotalLoss=0.001
Train epoch 50: MCLoss=0.0, EILoss=0.0, BufferReplayLoss=0.0, TotalLoss=0.001
Train epoch 51: MCLoss=0.0, EILoss=0.0, BufferReplayLoss=0.0, TotalLoss=0.001
Train epoch 52: MCLoss=0.0, EILoss=0.0, BufferReplayLoss=0.0, TotalLoss=0.001
Train epoch 53: MCLoss=0.0, EILoss=0.0, BufferReplayLoss=0.0, TotalLoss=0.001
Train epoch 54: MCLoss=0.0, EILoss=0.0, BufferReplayLoss=0.0, TotalLoss=0.001
Train epoch 55: MCLoss=0.0, EILoss=0.0, BufferReplayLoss=0.0, TotalLoss=0.001
Train epoch 56: MCLoss=0.0, EILoss=0.0, BufferReplayLoss=0.0, TotalLoss=0.0
Train epoch 57: MCLoss=0.0, EILoss=0.0, BufferReplayLoss=0.0, TotalLoss=0.001
Train epoch 58: MCLoss=0.0, EILoss=0.0, BufferReplayLoss=0.0, TotalLoss=0.0
Train epoch 59: MCLoss=0.0, EILoss=0.0, BufferReplayLoss=0.0, TotalLoss=0.0
Train epoch 60: MCLoss=0.0, EILoss=0.0, BufferReplayLoss=0.0, TotalLoss=0.001
Train epoch 61: MCLoss=0.0, EILoss=0.0, BufferReplayLoss=0.0, TotalLoss=0.001
Train epoch 62: MCLoss=0.0, EILoss=0.0, BufferReplayLoss=0.0, TotalLoss=0.0
Train epoch 63: MCLoss=0.0, EILoss=0.0, BufferReplayLoss=0.0, TotalLoss=0.0
Train epoch 64: MCLoss=0.0, EILoss=0.0, BufferReplayLoss=0.0, TotalLoss=0.0
Train epoch 65: MCLoss=0.0, EILoss=0.0, BufferReplayLoss=0.0, TotalLoss=0.0
Train epoch 66: MCLoss=0.0, EILoss=0.0, BufferReplayLoss=0.0, TotalLoss=0.0
Train epoch 67: MCLoss=0.0, EILoss=0.0, BufferReplayLoss=0.0, TotalLoss=0.0
Train epoch 68: MCLoss=0.0, EILoss=0.0, BufferReplayLoss=0.0, TotalLoss=0.0
Train epoch 69: MCLoss=0.0, EILoss=0.0, BufferReplayLoss=0.0, TotalLoss=0.0
Train epoch 70: MCLoss=0.0, EILoss=0.0, BufferReplayLoss=0.0, TotalLoss=0.0
Train epoch 71: MCLoss=0.0, EILoss=0.0, BufferReplayLoss=0.0, TotalLoss=0.0
Train epoch 72: MCLoss=0.0, EILoss=0.0, BufferReplayLoss=0.0, TotalLoss=0.0
Train epoch 73: MCLoss=0.0, EILoss=0.0, BufferReplayLoss=0.0, TotalLoss=0.0
Train epoch 74: MCLoss=0.0, EILoss=0.0, BufferReplayLoss=0.0, TotalLoss=0.0
Train epoch 75: MCLoss=0.0, EILoss=0.0, BufferReplayLoss=0.0, TotalLoss=0.0
Train epoch 76: MCLoss=0.0, EILoss=0.0, BufferReplayLoss=0.0, TotalLoss=0.0
Train epoch 77: MCLoss=0.0, EILoss=0.0, BufferReplayLoss=0.0, TotalLoss=0.0
Train epoch 78: MCLoss=0.0, EILoss=0.0, BufferReplayLoss=0.0, TotalLoss=0.0
Train epoch 79: MCLoss=0.0, EILoss=0.0, BufferReplayLoss=0.0, TotalLoss=0.0
Train epoch 80: MCLoss=0.0, EILoss=0.0, BufferReplayLoss=0.0, TotalLoss=0.0
Train epoch 81: MCLoss=0.0, EILoss=0.0, BufferReplayLoss=0.0, TotalLoss=0.0
Train epoch 82: MCLoss=0.0, EILoss=0.0, BufferReplayLoss=0.0, TotalLoss=0.0
Train epoch 83: MCLoss=0.0, EILoss=0.0, BufferReplayLoss=0.0, TotalLoss=0.0
Train epoch 84: MCLoss=0.0, EILoss=0.0, BufferReplayLoss=0.0, TotalLoss=0.0
Train epoch 85: MCLoss=0.0, EILoss=0.0, BufferReplayLoss=0.0, TotalLoss=0.0
Train epoch 86: MCLoss=0.0, EILoss=0.0, BufferReplayLoss=0.0, TotalLoss=0.0
Train epoch 87: MCLoss=0.0, EILoss=0.0, BufferReplayLoss=0.0, TotalLoss=0.0
Train epoch 88: MCLoss=0.0, EILoss=0.0, BufferReplayLoss=0.0, TotalLoss=0.0
Train epoch 89: MCLoss=0.0, EILoss=0.0, BufferReplayLoss=0.0, TotalLoss=0.0
Train epoch 90: MCLoss=0.0, EILoss=0.0, BufferReplayLoss=0.0, TotalLoss=0.0
Train epoch 91: MCLoss=0.0, EILoss=0.0, BufferReplayLoss=0.0, TotalLoss=0.0
Train epoch 92: MCLoss=0.0, EILoss=0.0, BufferReplayLoss=0.0, TotalLoss=0.0
Train epoch 93: MCLoss=0.0, EILoss=0.0, BufferReplayLoss=0.0, TotalLoss=0.0
Train epoch 94: MCLoss=0.0, EILoss=0.0, BufferReplayLoss=0.0, TotalLoss=0.0
Train epoch 95: MCLoss=0.0, EILoss=0.0, BufferReplayLoss=0.0, TotalLoss=0.0
Train epoch 96: MCLoss=0.0, EILoss=0.0, BufferReplayLoss=0.0, TotalLoss=0.0
Train epoch 97: MCLoss=0.0, EILoss=0.0, BufferReplayLoss=0.0, TotalLoss=0.0
Train epoch 98: MCLoss=0.0, EILoss=0.0, BufferReplayLoss=0.0, TotalLoss=0.0
Train epoch 99: MCLoss=0.0, EILoss=0.0, BufferReplayLoss=0.0, TotalLoss=0.0
Train epoch 100: MCLoss=0.0, EILoss=0.0, BufferReplayLoss=0.0, TotalLoss=0.0
Train epoch 101: MCLoss=0.0, EILoss=0.0, BufferReplayLoss=0.0, TotalLoss=0.0
Train epoch 102: MCLoss=0.0, EILoss=0.0, BufferReplayLoss=0.0, TotalLoss=0.0
Train epoch 103: MCLoss=0.0, EILoss=0.0, BufferReplayLoss=0.0, TotalLoss=0.0
Train epoch 104: MCLoss=0.0, EILoss=0.0, BufferReplayLoss=0.0, TotalLoss=0.0
Train epoch 105: MCLoss=0.0, EILoss=0.0, BufferReplayLoss=0.0, TotalLoss=0.0
Train epoch 106: MCLoss=0.0, EILoss=0.0, BufferReplayLoss=0.0, TotalLoss=0.0
Train epoch 107: MCLoss=0.0, EILoss=0.0, BufferReplayLoss=0.0, TotalLoss=0.0
Train epoch 108: MCLoss=0.0, EILoss=0.0, BufferReplayLoss=0.0, TotalLoss=0.0
Train epoch 109: MCLoss=0.0, EILoss=0.0, BufferReplayLoss=0.0, TotalLoss=0.0
Train epoch 110: MCLoss=0.0, EILoss=0.0, BufferReplayLoss=0.0, TotalLoss=0.0
Train epoch 111: MCLoss=0.0, EILoss=0.0, BufferReplayLoss=0.0, TotalLoss=0.0
Train epoch 112: MCLoss=0.0, EILoss=0.0, BufferReplayLoss=0.0, TotalLoss=0.0
Train epoch 113: MCLoss=0.0, EILoss=0.0, BufferReplayLoss=0.0, TotalLoss=0.0
Train epoch 114: MCLoss=0.0, EILoss=0.0, BufferReplayLoss=0.0, TotalLoss=0.0
Train epoch 115: MCLoss=0.0, EILoss=0.0, BufferReplayLoss=0.0, TotalLoss=0.0
Train epoch 116: MCLoss=0.0, EILoss=0.0, BufferReplayLoss=0.0, TotalLoss=0.0
Train epoch 117: MCLoss=0.0, EILoss=0.0, BufferReplayLoss=0.0, TotalLoss=0.0
Train epoch 118: MCLoss=0.0, EILoss=0.0, BufferReplayLoss=0.0, TotalLoss=0.0
Train epoch 119: MCLoss=0.0, EILoss=0.0, BufferReplayLoss=0.0, TotalLoss=0.0
Train epoch 120: MCLoss=0.0, EILoss=0.0, BufferReplayLoss=0.0, TotalLoss=0.0
Train epoch 121: MCLoss=0.0, EILoss=0.0, BufferReplayLoss=0.0, TotalLoss=0.0
Train epoch 122: MCLoss=0.0, EILoss=0.0, BufferReplayLoss=0.0, TotalLoss=0.0
Train epoch 123: MCLoss=0.0, EILoss=0.0, BufferReplayLoss=0.0, TotalLoss=0.0
Train epoch 124: MCLoss=0.0, EILoss=0.0, BufferReplayLoss=0.0, TotalLoss=0.0
Train epoch 125: MCLoss=0.0, EILoss=0.0, BufferReplayLoss=0.0, TotalLoss=0.0
Train epoch 126: MCLoss=0.0, EILoss=0.0, BufferReplayLoss=0.0, TotalLoss=0.0
Train epoch 127: MCLoss=0.0, EILoss=0.0, BufferReplayLoss=0.0, TotalLoss=0.0
Train epoch 128: MCLoss=0.0, EILoss=0.0, BufferReplayLoss=0.0, TotalLoss=0.0
Train epoch 129: MCLoss=0.0, EILoss=0.0, BufferReplayLoss=0.0, TotalLoss=0.0
Train epoch 130: MCLoss=0.0, EILoss=0.0, BufferReplayLoss=0.0, TotalLoss=0.0
Train epoch 131: MCLoss=0.0, EILoss=0.0, BufferReplayLoss=0.0, TotalLoss=0.0
Train epoch 132: MCLoss=0.0, EILoss=0.0, BufferReplayLoss=0.0, TotalLoss=0.0
Train epoch 133: MCLoss=0.0, EILoss=0.0, BufferReplayLoss=0.0, TotalLoss=0.0
Train epoch 134: MCLoss=0.0, EILoss=0.0, BufferReplayLoss=0.0, TotalLoss=0.0
Train epoch 135: MCLoss=0.0, EILoss=0.0, BufferReplayLoss=0.0, TotalLoss=0.0
Train epoch 136: MCLoss=0.0, EILoss=0.0, BufferReplayLoss=0.0, TotalLoss=0.0
Train epoch 137: MCLoss=0.0, EILoss=0.0, BufferReplayLoss=0.0, TotalLoss=0.0
Train epoch 138: MCLoss=0.0, EILoss=0.0, BufferReplayLoss=0.0, TotalLoss=0.0
Train epoch 139: MCLoss=0.0, EILoss=0.0, BufferReplayLoss=0.0, TotalLoss=0.0
Train epoch 140: MCLoss=0.0, EILoss=0.0, BufferReplayLoss=0.0, TotalLoss=0.0
Train epoch 141: MCLoss=0.0, EILoss=0.0, BufferReplayLoss=0.0, TotalLoss=0.0
Train epoch 142: MCLoss=0.0, EILoss=0.0, BufferReplayLoss=0.0, TotalLoss=0.0
Train epoch 143: MCLoss=0.0, EILoss=0.0, BufferReplayLoss=0.0, TotalLoss=0.0
Train epoch 144: MCLoss=0.0, EILoss=0.0, BufferReplayLoss=0.0, TotalLoss=0.0
Train epoch 145: MCLoss=0.0, EILoss=0.0, BufferReplayLoss=0.0, TotalLoss=0.0
Train epoch 146: MCLoss=0.0, EILoss=0.0, BufferReplayLoss=0.0, TotalLoss=0.0
Train epoch 147: MCLoss=0.0, EILoss=0.0, BufferReplayLoss=0.0, TotalLoss=0.0
Train epoch 148: MCLoss=0.0, EILoss=0.0, BufferReplayLoss=0.0, TotalLoss=0.0
Train epoch 149: MCLoss=0.0, EILoss=0.0, BufferReplayLoss=0.0, TotalLoss=0.0
{
  "arm": "ER+MC",
  "N_buf": 4,
  "seed": 1,
  "PSNR_T1": 29.580368995666504,
  "PSNR_T2": 26.691216468811035,
  "Avg": 28.13579273223877,
  "Fgt": -2.955164909362793
}

=== arm=er_ei N_buf=4 seed=1 device=cpu ===
The model has 187019 trainable parameters
Train epoch 0: MCLoss=5.238, EILoss=2954.086, TotalLoss=2959.324
Train epoch 1: MCLoss=0.353, EILoss=12.708, TotalLoss=13.06
Train epoch 2: MCLoss=0.473, EILoss=6.995, TotalLoss=7.468
Train epoch 3: MCLoss=0.239, EILoss=0.253, TotalLoss=0.492
Train epoch 4: MCLoss=0.152, EILoss=0.032, TotalLoss=0.184
Train epoch 5: MCLoss=0.113, EILoss=0.025, TotalLoss=0.138
Train epoch 6: MCLoss=0.098, EILoss=0.037, TotalLoss=0.136
Train epoch 7: MCLoss=0.089, EILoss=0.038, TotalLoss=0.127
Train epoch 8: MCLoss=0.079, EILoss=0.025, TotalLoss=0.104
Train epoch 9: MCLoss=0.062, EILoss=0.014, TotalLoss=0.076
Train epoch 10: MCLoss=0.054, EILoss=0.018, TotalLoss=0.072
Train epoch 11: MCLoss=0.055, EILoss=0.02, TotalLoss=0.075
Train epoch 12: MCLoss=0.056, EILoss=0.019, TotalLoss=0.074
Train epoch 13: MCLoss=0.052, EILoss=0.018, TotalLoss=0.07
Train epoch 14: MCLoss=0.047, EILoss=0.017, TotalLoss=0.063
Train epoch 15: MCLoss=0.042, EILoss=0.015, TotalLoss=0.057
Train epoch 16: MCLoss=0.036, EILoss=0.011, TotalLoss=0.048
Train epoch 17: MCLoss=0.033, EILoss=0.01, TotalLoss=0.043
Train epoch 18: MCLoss=0.03, EILoss=0.008, TotalLoss=0.037
Train epoch 19: MCLoss=0.027, EILoss=0.006, TotalLoss=0.033
Train epoch 20: MCLoss=0.024, EILoss=0.005, TotalLoss=0.029
Train epoch 21: MCLoss=0.021, EILoss=0.004, TotalLoss=0.025
Train epoch 22: MCLoss=0.02, EILoss=0.003, TotalLoss=0.023
Train epoch 23: MCLoss=0.018, EILoss=0.003, TotalLoss=0.021
Train epoch 24: MCLoss=0.017, EILoss=0.003, TotalLoss=0.02
Train epoch 25: MCLoss=0.014, EILoss=0.003, TotalLoss=0.017
Train epoch 26: MCLoss=0.011, EILoss=0.003, TotalLoss=0.014
Train epoch 27: MCLoss=0.009, EILoss=0.004, TotalLoss=0.013
Train epoch 28: MCLoss=0.008, EILoss=0.004, TotalLoss=0.012
Train epoch 29: MCLoss=0.008, EILoss=0.003, TotalLoss=0.011
Train epoch 30: MCLoss=0.008, EILoss=0.003, TotalLoss=0.01
Train epoch 31: MCLoss=0.007, EILoss=0.002, TotalLoss=0.01
Train epoch 32: MCLoss=0.007, EILoss=0.002, TotalLoss=0.009
Train epoch 33: MCLoss=0.006, EILoss=0.002, TotalLoss=0.009
Train epoch 34: MCLoss=0.006, EILoss=0.002, TotalLoss=0.008
Train epoch 35: MCLoss=0.005, EILoss=0.002, TotalLoss=0.008
Train epoch 36: MCLoss=0.004, EILoss=0.002, TotalLoss=0.007
Train epoch 37: MCLoss=0.003, EILoss=0.002, TotalLoss=0.006
Train epoch 38: MCLoss=0.003, EILoss=0.002, TotalLoss=0.005
Train epoch 39: MCLoss=0.002, EILoss=0.003, TotalLoss=0.005
Train epoch 40: MCLoss=0.002, EILoss=0.002, TotalLoss=0.005
Train epoch 41: MCLoss=0.002, EILoss=0.002, TotalLoss=0.005
Train epoch 42: MCLoss=0.002, EILoss=0.002, TotalLoss=0.005
Train epoch 43: MCLoss=0.002, EILoss=0.002, TotalLoss=0.004
Train epoch 44: MCLoss=0.002, EILoss=0.002, TotalLoss=0.004
Train epoch 45: MCLoss=0.002, EILoss=0.002, TotalLoss=0.004
Train epoch 46: MCLoss=0.002, EILoss=0.002, TotalLoss=0.004
Train epoch 47: MCLoss=0.002, EILoss=0.002, TotalLoss=0.003
Train epoch 48: MCLoss=0.002, EILoss=0.002, TotalLoss=0.003
Train epoch 49: MCLoss=0.001, EILoss=0.002, TotalLoss=0.003
Train epoch 50: MCLoss=0.001, EILoss=0.002, TotalLoss=0.003
Train epoch 51: MCLoss=0.001, EILoss=0.002, TotalLoss=0.003
Train epoch 52: MCLoss=0.001, EILoss=0.001, TotalLoss=0.003
Train epoch 53: MCLoss=0.001, EILoss=0.001, TotalLoss=0.003
Train epoch 54: MCLoss=0.001, EILoss=0.002, TotalLoss=0.003
Train epoch 55: MCLoss=0.001, EILoss=0.001, TotalLoss=0.003
Train epoch 56: MCLoss=0.001, EILoss=0.001, TotalLoss=0.002
Train epoch 57: MCLoss=0.001, EILoss=0.001, TotalLoss=0.003
Train epoch 58: MCLoss=0.001, EILoss=0.001, TotalLoss=0.002
Train epoch 59: MCLoss=0.001, EILoss=0.001, TotalLoss=0.002
Train epoch 60: MCLoss=0.001, EILoss=0.001, TotalLoss=0.002
Train epoch 61: MCLoss=0.001, EILoss=0.001, TotalLoss=0.002
Train epoch 62: MCLoss=0.001, EILoss=0.001, TotalLoss=0.002
Train epoch 63: MCLoss=0.001, EILoss=0.001, TotalLoss=0.002
Train epoch 64: MCLoss=0.001, EILoss=0.001, TotalLoss=0.002
Train epoch 65: MCLoss=0.001, EILoss=0.001, TotalLoss=0.002
Train epoch 66: MCLoss=0.001, EILoss=0.001, TotalLoss=0.002
Train epoch 67: MCLoss=0.001, EILoss=0.001, TotalLoss=0.002
Train epoch 68: MCLoss=0.001, EILoss=0.001, TotalLoss=0.002
Train epoch 69: MCLoss=0.001, EILoss=0.001, TotalLoss=0.002
Train epoch 70: MCLoss=0.001, EILoss=0.001, TotalLoss=0.002
Train epoch 71: MCLoss=0.001, EILoss=0.001, TotalLoss=0.002
Train epoch 72: MCLoss=0.001, EILoss=0.001, TotalLoss=0.002
Train epoch 73: MCLoss=0.001, EILoss=0.001, TotalLoss=0.002
Train epoch 74: MCLoss=0.001, EILoss=0.001, TotalLoss=0.002
Train epoch 75: MCLoss=0.001, EILoss=0.001, TotalLoss=0.002
Train epoch 76: MCLoss=0.001, EILoss=0.001, TotalLoss=0.002
Train epoch 77: MCLoss=0.001, EILoss=0.001, TotalLoss=0.002
Train epoch 78: MCLoss=0.001, EILoss=0.001, TotalLoss=0.002
Train epoch 79: MCLoss=0.001, EILoss=0.001, TotalLoss=0.002
Train epoch 80: MCLoss=0.001, EILoss=0.001, TotalLoss=0.002
Train epoch 81: MCLoss=0.001, EILoss=0.001, TotalLoss=0.002
Train epoch 82: MCLoss=0.001, EILoss=0.001, TotalLoss=0.002
Train epoch 83: MCLoss=0.001, EILoss=0.001, TotalLoss=0.002
Train epoch 84: MCLoss=0.001, EILoss=0.001, TotalLoss=0.002
Train epoch 85: MCLoss=0.001, EILoss=0.001, TotalLoss=0.001
Train epoch 86: MCLoss=0.001, EILoss=0.001, TotalLoss=0.002
Train epoch 87: MCLoss=0.001, EILoss=0.001, TotalLoss=0.001
Train epoch 88: MCLoss=0.001, EILoss=0.001, TotalLoss=0.001
Train epoch 89: MCLoss=0.001, EILoss=0.001, TotalLoss=0.001
Train epoch 90: MCLoss=0.001, EILoss=0.001, TotalLoss=0.001
Train epoch 91: MCLoss=0.001, EILoss=0.001, TotalLoss=0.001
Train epoch 92: MCLoss=0.001, EILoss=0.001, TotalLoss=0.001
Train epoch 93: MCLoss=0.001, EILoss=0.001, TotalLoss=0.001
Train epoch 94: MCLoss=0.001, EILoss=0.001, TotalLoss=0.001
Train epoch 95: MCLoss=0.001, EILoss=0.001, TotalLoss=0.001
Train epoch 96: MCLoss=0.001, EILoss=0.001, TotalLoss=0.001
Train epoch 97: MCLoss=0.0, EILoss=0.001, TotalLoss=0.001
Train epoch 98: MCLoss=0.001, EILoss=0.001, TotalLoss=0.001
Train epoch 99: MCLoss=0.0, EILoss=0.001, TotalLoss=0.001
Train epoch 100: MCLoss=0.0, EILoss=0.001, TotalLoss=0.001
Train epoch 101: MCLoss=0.0, EILoss=0.001, TotalLoss=0.001
Train epoch 102: MCLoss=0.0, EILoss=0.001, TotalLoss=0.001
Train epoch 103: MCLoss=0.0, EILoss=0.001, TotalLoss=0.001
Train epoch 104: MCLoss=0.0, EILoss=0.001, TotalLoss=0.001
Train epoch 105: MCLoss=0.0, EILoss=0.001, TotalLoss=0.001
Train epoch 106: MCLoss=0.0, EILoss=0.001, TotalLoss=0.001
Train epoch 107: MCLoss=0.0, EILoss=0.001, TotalLoss=0.001
Train epoch 108: MCLoss=0.0, EILoss=0.001, TotalLoss=0.001
Train epoch 109: MCLoss=0.0, EILoss=0.001, TotalLoss=0.001
Train epoch 110: MCLoss=0.0, EILoss=0.001, TotalLoss=0.001
Train epoch 111: MCLoss=0.0, EILoss=0.001, TotalLoss=0.001
Train epoch 112: MCLoss=0.0, EILoss=0.001, TotalLoss=0.001
Train epoch 113: MCLoss=0.0, EILoss=0.001, TotalLoss=0.001
Train epoch 114: MCLoss=0.0, EILoss=0.001, TotalLoss=0.001
Train epoch 115: MCLoss=0.0, EILoss=0.001, TotalLoss=0.001
Train epoch 116: MCLoss=0.0, EILoss=0.001, TotalLoss=0.001
Train epoch 117: MCLoss=0.0, EILoss=0.001, TotalLoss=0.001
Train epoch 118: MCLoss=0.0, EILoss=0.001, TotalLoss=0.001
Train epoch 119: MCLoss=0.0, EILoss=0.001, TotalLoss=0.001
Train epoch 120: MCLoss=0.0, EILoss=0.001, TotalLoss=0.001
Train epoch 121: MCLoss=0.0, EILoss=0.001, TotalLoss=0.001
Train epoch 122: MCLoss=0.0, EILoss=0.001, TotalLoss=0.001
Train epoch 123: MCLoss=0.0, EILoss=0.001, TotalLoss=0.001
Train epoch 124: MCLoss=0.0, EILoss=0.001, TotalLoss=0.001
Train epoch 125: MCLoss=0.0, EILoss=0.001, TotalLoss=0.001
Train epoch 126: MCLoss=0.0, EILoss=0.001, TotalLoss=0.001
Train epoch 127: MCLoss=0.0, EILoss=0.001, TotalLoss=0.001
Train epoch 128: MCLoss=0.0, EILoss=0.001, TotalLoss=0.001
Train epoch 129: MCLoss=0.0, EILoss=0.001, TotalLoss=0.001
Train epoch 130: MCLoss=0.0, EILoss=0.001, TotalLoss=0.001
Train epoch 131: MCLoss=0.0, EILoss=0.001, TotalLoss=0.001
Train epoch 132: MCLoss=0.0, EILoss=0.001, TotalLoss=0.001
Train epoch 133: MCLoss=0.0, EILoss=0.001, TotalLoss=0.001
Train epoch 134: MCLoss=0.0, EILoss=0.001, TotalLoss=0.001
Train epoch 135: MCLoss=0.0, EILoss=0.001, TotalLoss=0.001
Train epoch 136: MCLoss=0.0, EILoss=0.001, TotalLoss=0.001
Train epoch 137: MCLoss=0.001, EILoss=0.001, TotalLoss=0.001
Train epoch 138: MCLoss=0.0, EILoss=0.001, TotalLoss=0.001
Train epoch 139: MCLoss=0.0, EILoss=0.001, TotalLoss=0.001
Train epoch 140: MCLoss=0.0, EILoss=0.001, TotalLoss=0.001
Train epoch 141: MCLoss=0.0, EILoss=0.001, TotalLoss=0.001
Train epoch 142: MCLoss=0.0, EILoss=0.001, TotalLoss=0.001
Train epoch 143: MCLoss=0.0, EILoss=0.001, TotalLoss=0.001
Train epoch 144: MCLoss=0.0, EILoss=0.001, TotalLoss=0.001
Train epoch 145: MCLoss=0.0, EILoss=0.001, TotalLoss=0.001
Train epoch 146: MCLoss=0.001, EILoss=0.001, TotalLoss=0.001
Train epoch 147: MCLoss=0.0, EILoss=0.001, TotalLoss=0.001
Train epoch 148: MCLoss=0.0, EILoss=0.001, TotalLoss=0.001
Train epoch 149: MCLoss=0.0, EILoss=0.001, TotalLoss=0.001
The model has 187019 trainable parameters
Train epoch 0: MCLoss=0.182, EILoss=5.886, BufferReplayLoss=10.633, TotalLoss=16.7
Train epoch 1: MCLoss=0.016, EILoss=0.053, BufferReplayLoss=0.081, TotalLoss=0.15
Train epoch 2: MCLoss=0.002, EILoss=0.005, BufferReplayLoss=0.009, TotalLoss=0.016
Train epoch 3: MCLoss=0.005, EILoss=0.01, BufferReplayLoss=0.014, TotalLoss=0.029
Train epoch 4: MCLoss=0.009, EILoss=0.012, BufferReplayLoss=0.019, TotalLoss=0.04
Train epoch 5: MCLoss=0.01, EILoss=0.008, BufferReplayLoss=0.016, TotalLoss=0.033
Train epoch 6: MCLoss=0.008, EILoss=0.004, BufferReplayLoss=0.015, TotalLoss=0.027
Train epoch 7: MCLoss=0.005, EILoss=0.003, BufferReplayLoss=0.011, TotalLoss=0.019
Train epoch 8: MCLoss=0.005, EILoss=0.003, BufferReplayLoss=0.008, TotalLoss=0.016
Train epoch 9: MCLoss=0.004, EILoss=0.002, BufferReplayLoss=0.006, TotalLoss=0.013
Train epoch 10: MCLoss=0.002, EILoss=0.002, BufferReplayLoss=0.005, TotalLoss=0.009
Train epoch 11: MCLoss=0.001, EILoss=0.001, BufferReplayLoss=0.004, TotalLoss=0.007
Train epoch 12: MCLoss=0.001, EILoss=0.001, BufferReplayLoss=0.002, TotalLoss=0.005
Train epoch 13: MCLoss=0.001, EILoss=0.001, BufferReplayLoss=0.002, TotalLoss=0.004
Train epoch 14: MCLoss=0.001, EILoss=0.001, BufferReplayLoss=0.002, TotalLoss=0.004
Train epoch 15: MCLoss=0.001, EILoss=0.001, BufferReplayLoss=0.002, TotalLoss=0.004
Train epoch 16: MCLoss=0.001, EILoss=0.001, BufferReplayLoss=0.002, TotalLoss=0.003
Train epoch 17: MCLoss=0.001, EILoss=0.001, BufferReplayLoss=0.002, TotalLoss=0.003
Train epoch 18: MCLoss=0.001, EILoss=0.001, BufferReplayLoss=0.001, TotalLoss=0.003
Train epoch 19: MCLoss=0.0, EILoss=0.001, BufferReplayLoss=0.001, TotalLoss=0.002
Train epoch 20: MCLoss=0.0, EILoss=0.001, BufferReplayLoss=0.001, TotalLoss=0.003
Train epoch 21: MCLoss=0.0, EILoss=0.001, BufferReplayLoss=0.001, TotalLoss=0.002
Train epoch 22: MCLoss=0.0, EILoss=0.001, BufferReplayLoss=0.001, TotalLoss=0.002
Train epoch 23: MCLoss=0.0, EILoss=0.001, BufferReplayLoss=0.001, TotalLoss=0.002
Train epoch 24: MCLoss=0.0, EILoss=0.001, BufferReplayLoss=0.001, TotalLoss=0.002
Train epoch 25: MCLoss=0.0, EILoss=0.001, BufferReplayLoss=0.001, TotalLoss=0.002
Train epoch 26: MCLoss=0.0, EILoss=0.001, BufferReplayLoss=0.001, TotalLoss=0.002
Train epoch 27: MCLoss=0.0, EILoss=0.001, BufferReplayLoss=0.001, TotalLoss=0.002
Train epoch 28: MCLoss=0.0, EILoss=0.001, BufferReplayLoss=0.001, TotalLoss=0.002
Train epoch 29: MCLoss=0.0, EILoss=0.001, BufferReplayLoss=0.001, TotalLoss=0.002
Train epoch 30: MCLoss=0.0, EILoss=0.001, BufferReplayLoss=0.001, TotalLoss=0.001
Train epoch 31: MCLoss=0.0, EILoss=0.0, BufferReplayLoss=0.001, TotalLoss=0.001
Train epoch 32: MCLoss=0.0, EILoss=0.0, BufferReplayLoss=0.001, TotalLoss=0.001
Train epoch 33: MCLoss=0.0, EILoss=0.0, BufferReplayLoss=0.001, TotalLoss=0.001
Train epoch 34: MCLoss=0.0, EILoss=0.001, BufferReplayLoss=0.001, TotalLoss=0.001
Train epoch 35: MCLoss=0.0, EILoss=0.001, BufferReplayLoss=0.001, TotalLoss=0.001
Train epoch 36: MCLoss=0.0, EILoss=0.0, BufferReplayLoss=0.001, TotalLoss=0.001
Train epoch 37: MCLoss=0.0, EILoss=0.0, BufferReplayLoss=0.001, TotalLoss=0.001
Train epoch 38: MCLoss=0.0, EILoss=0.0, BufferReplayLoss=0.001, TotalLoss=0.001
Train epoch 39: MCLoss=0.0, EILoss=0.0, BufferReplayLoss=0.001, TotalLoss=0.001
Train epoch 40: MCLoss=0.0, EILoss=0.0, BufferReplayLoss=0.001, TotalLoss=0.001
Train epoch 41: MCLoss=0.0, EILoss=0.001, BufferReplayLoss=0.001, TotalLoss=0.001
Train epoch 42: MCLoss=0.0, EILoss=0.0, BufferReplayLoss=0.001, TotalLoss=0.001
Train epoch 43: MCLoss=0.0, EILoss=0.0, BufferReplayLoss=0.001, TotalLoss=0.001
Train epoch 44: MCLoss=0.0, EILoss=0.0, BufferReplayLoss=0.001, TotalLoss=0.001
Train epoch 45: MCLoss=0.0, EILoss=0.0, BufferReplayLoss=0.001, TotalLoss=0.001
Train epoch 46: MCLoss=0.0, EILoss=0.0, BufferReplayLoss=0.001, TotalLoss=0.001
Train epoch 47: MCLoss=0.0, EILoss=0.0, BufferReplayLoss=0.001, TotalLoss=0.001
Train epoch 48: MCLoss=0.0, EILoss=0.0, BufferReplayLoss=0.001, TotalLoss=0.001
Train epoch 49: MCLoss=0.0, EILoss=0.0, BufferReplayLoss=0.001, TotalLoss=0.001
Train epoch 50: MCLoss=0.0, EILoss=0.0, BufferReplayLoss=0.0, TotalLoss=0.001
Train epoch 51: MCLoss=0.0, EILoss=0.0, BufferReplayLoss=0.001, TotalLoss=0.001
Train epoch 52: MCLoss=0.0, EILoss=0.0, BufferReplayLoss=0.0, TotalLoss=0.001
Train epoch 53: MCLoss=0.0, EILoss=0.0, BufferReplayLoss=0.0, TotalLoss=0.001
Train epoch 54: MCLoss=0.0, EILoss=0.0, BufferReplayLoss=0.001, TotalLoss=0.001
Train epoch 55: MCLoss=0.0, EILoss=0.0, BufferReplayLoss=0.0, TotalLoss=0.001
Train epoch 56: MCLoss=0.0, EILoss=0.0, BufferReplayLoss=0.0, TotalLoss=0.001
Train epoch 57: MCLoss=0.0, EILoss=0.0, BufferReplayLoss=0.0, TotalLoss=0.001
Train epoch 58: MCLoss=0.0, EILoss=0.0, BufferReplayLoss=0.0, TotalLoss=0.001
Train epoch 59: MCLoss=0.0, EILoss=0.0, BufferReplayLoss=0.0, TotalLoss=0.001
Train epoch 60: MCLoss=0.0, EILoss=0.0, BufferReplayLoss=0.0, TotalLoss=0.001
Train epoch 61: MCLoss=0.0, EILoss=0.0, BufferReplayLoss=0.0, TotalLoss=0.001
Train epoch 62: MCLoss=0.0, EILoss=0.0, BufferReplayLoss=0.0, TotalLoss=0.001
Train epoch 63: MCLoss=0.0, EILoss=0.0, BufferReplayLoss=0.0, TotalLoss=0.001
Train epoch 64: MCLoss=0.0, EILoss=0.0, BufferReplayLoss=0.0, TotalLoss=0.001
Train epoch 65: MCLoss=0.0, EILoss=0.0, BufferReplayLoss=0.0, TotalLoss=0.001
Train epoch 66: MCLoss=0.0, EILoss=0.0, BufferReplayLoss=0.0, TotalLoss=0.001
Train epoch 67: MCLoss=0.0, EILoss=0.0, BufferReplayLoss=0.0, TotalLoss=0.001
Train epoch 68: MCLoss=0.0, EILoss=0.0, BufferReplayLoss=0.0, TotalLoss=0.001
Train epoch 69: MCLoss=0.0, EILoss=0.0, BufferReplayLoss=0.0, TotalLoss=0.001
Train epoch 70: MCLoss=0.0, EILoss=0.0, BufferReplayLoss=0.0, TotalLoss=0.001
Train epoch 71: MCLoss=0.0, EILoss=0.0, BufferReplayLoss=0.0, TotalLoss=0.001
Train epoch 72: MCLoss=0.0, EILoss=0.0, BufferReplayLoss=0.0, TotalLoss=0.001
Train epoch 73: MCLoss=0.0, EILoss=0.0, BufferReplayLoss=0.0, TotalLoss=0.001
Train epoch 74: MCLoss=0.0, EILoss=0.0, BufferReplayLoss=0.0, TotalLoss=0.001
Train epoch 75: MCLoss=0.0, EILoss=0.0, BufferReplayLoss=0.0, TotalLoss=0.001
Train epoch 76: MCLoss=0.0, EILoss=0.0, BufferReplayLoss=0.0, TotalLoss=0.001
Train epoch 77: MCLoss=0.0, EILoss=0.0, BufferReplayLoss=0.0, TotalLoss=0.001
Train epoch 78: MCLoss=0.0, EILoss=0.0, BufferReplayLoss=0.0, TotalLoss=0.001
Train epoch 79: MCLoss=0.0, EILoss=0.0, BufferReplayLoss=0.0, TotalLoss=0.001
Train epoch 80: MCLoss=0.0, EILoss=0.0, BufferReplayLoss=0.0, TotalLoss=0.001
Train epoch 81: MCLoss=0.0, EILoss=0.0, BufferReplayLoss=0.0, TotalLoss=0.001
Train epoch 82: MCLoss=0.0, EILoss=0.0, BufferReplayLoss=0.0, TotalLoss=0.001
Train epoch 83: MCLoss=0.0, EILoss=0.0, BufferReplayLoss=0.0, TotalLoss=0.001
Train epoch 84: MCLoss=0.0, EILoss=0.0, BufferReplayLoss=0.0, TotalLoss=0.001
Train epoch 85: MCLoss=0.0, EILoss=0.0, BufferReplayLoss=0.0, TotalLoss=0.001
Train epoch 86: MCLoss=0.0, EILoss=0.0, BufferReplayLoss=0.0, TotalLoss=0.001
Train epoch 87: MCLoss=0.0, EILoss=0.0, BufferReplayLoss=0.0, TotalLoss=0.001
Train epoch 88: MCLoss=0.0, EILoss=0.0, BufferReplayLoss=0.0, TotalLoss=0.001
Train epoch 89: MCLoss=0.0, EILoss=0.0, BufferReplayLoss=0.0, TotalLoss=0.001
Train epoch 90: MCLoss=0.0, EILoss=0.0, BufferReplayLoss=0.0, TotalLoss=0.001
Train epoch 91: MCLoss=0.0, EILoss=0.0, BufferReplayLoss=0.0, TotalLoss=0.001
Train epoch 92: MCLoss=0.0, EILoss=0.0, BufferReplayLoss=0.0, TotalLoss=0.001
Train epoch 93: MCLoss=0.0, EILoss=0.0, BufferReplayLoss=0.0, TotalLoss=0.001
Train epoch 94: MCLoss=0.0, EILoss=0.0, BufferReplayLoss=0.0, TotalLoss=0.001
Train epoch 95: MCLoss=0.0, EILoss=0.0, BufferReplayLoss=0.0, TotalLoss=0.001
Train epoch 96: MCLoss=0.0, EILoss=0.0, BufferReplayLoss=0.0, TotalLoss=0.001
Train epoch 97: MCLoss=0.0, EILoss=0.0, BufferReplayLoss=0.0, TotalLoss=0.001
Train epoch 98: MCLoss=0.0, EILoss=0.0, BufferReplayLoss=0.0, TotalLoss=0.001
Train epoch 99: MCLoss=0.0, EILoss=0.0, BufferReplayLoss=0.0, TotalLoss=0.001
Train epoch 100: MCLoss=0.0, EILoss=0.0, BufferReplayLoss=0.0, TotalLoss=0.001
Train epoch 101: MCLoss=0.0, EILoss=0.0, BufferReplayLoss=0.0, TotalLoss=0.001
Train epoch 102: MCLoss=0.0, EILoss=0.0, BufferReplayLoss=0.0, TotalLoss=0.001
Train epoch 103: MCLoss=0.0, EILoss=0.0, BufferReplayLoss=0.0, TotalLoss=0.001
Train epoch 104: MCLoss=0.0, EILoss=0.0, BufferReplayLoss=0.0, TotalLoss=0.001
Train epoch 105: MCLoss=0.0, EILoss=0.0, BufferReplayLoss=0.0, TotalLoss=0.001
Train epoch 106: MCLoss=0.0, EILoss=0.0, BufferReplayLoss=0.0, TotalLoss=0.001
Train epoch 107: MCLoss=0.0, EILoss=0.0, BufferReplayLoss=0.0, TotalLoss=0.001
Train epoch 108: MCLoss=0.0, EILoss=0.0, BufferReplayLoss=0.0, TotalLoss=0.001
Train epoch 109: MCLoss=0.0, EILoss=0.0, BufferReplayLoss=0.0, TotalLoss=0.001
Train epoch 110: MCLoss=0.0, EILoss=0.0, BufferReplayLoss=0.0, TotalLoss=0.001
Train epoch 111: MCLoss=0.0, EILoss=0.0, BufferReplayLoss=0.0, TotalLoss=0.001
Train epoch 112: MCLoss=0.0, EILoss=0.0, BufferReplayLoss=0.0, TotalLoss=0.001
Train epoch 113: MCLoss=0.0, EILoss=0.0, BufferReplayLoss=0.0, TotalLoss=0.001
Train epoch 114: MCLoss=0.0, EILoss=0.0, BufferReplayLoss=0.0, TotalLoss=0.001
Train epoch 115: MCLoss=0.0, EILoss=0.0, BufferReplayLoss=0.0, TotalLoss=0.001
Train epoch 116: MCLoss=0.0, EILoss=0.0, BufferReplayLoss=0.0, TotalLoss=0.001
Train epoch 117: MCLoss=0.0, EILoss=0.0, BufferReplayLoss=0.0, TotalLoss=0.001
Train epoch 118: MCLoss=0.0, EILoss=0.0, BufferReplayLoss=0.0, TotalLoss=0.001
Train epoch 119: MCLoss=0.0, EILoss=0.0, BufferReplayLoss=0.0, TotalLoss=0.001
Train epoch 120: MCLoss=0.0, EILoss=0.0, BufferReplayLoss=0.0, TotalLoss=0.001
Train epoch 121: MCLoss=0.0, EILoss=0.0, BufferReplayLoss=0.0, TotalLoss=0.001
Train epoch 122: MCLoss=0.0, EILoss=0.0, BufferReplayLoss=0.0, TotalLoss=0.001
Train epoch 123: MCLoss=0.0, EILoss=0.0, BufferReplayLoss=0.0, TotalLoss=0.001
Train epoch 124: MCLoss=0.0, EILoss=0.0, BufferReplayLoss=0.0, TotalLoss=0.001
Train epoch 125: MCLoss=0.0, EILoss=0.0, BufferReplayLoss=0.0, TotalLoss=0.001
Train epoch 126: MCLoss=0.0, EILoss=0.0, BufferReplayLoss=0.0, TotalLoss=0.001
Train epoch 127: MCLoss=0.0, EILoss=0.0, BufferReplayLoss=0.0, TotalLoss=0.001
Train epoch 128: MCLoss=0.0, EILoss=0.0, BufferReplayLoss=0.0, TotalLoss=0.001
Train epoch 129: MCLoss=0.0, EILoss=0.0, BufferReplayLoss=0.0, TotalLoss=0.001
Train epoch 130: MCLoss=0.0, EILoss=0.0, BufferReplayLoss=0.0, TotalLoss=0.001
Train epoch 131: MCLoss=0.0, EILoss=0.0, BufferReplayLoss=0.0, TotalLoss=0.001
Train epoch 132: MCLoss=0.0, EILoss=0.0, BufferReplayLoss=0.0, TotalLoss=0.001
Train epoch 133: MCLoss=0.0, EILoss=0.0, BufferReplayLoss=0.0, TotalLoss=0.001
Train epoch 134: MCLoss=0.0, EILoss=0.0, BufferReplayLoss=0.0, TotalLoss=0.001
Train epoch 135: MCLoss=0.0, EILoss=0.0, BufferReplayLoss=0.0, TotalLoss=0.001
Train epoch 136: MCLoss=0.0, EILoss=0.0, BufferReplayLoss=0.0, TotalLoss=0.001
Train epoch 137: MCLoss=0.0, EILoss=0.0, BufferReplayLoss=0.0, TotalLoss=0.001
Train epoch 138: MCLoss=0.0, EILoss=0.0, BufferReplayLoss=0.0, TotalLoss=0.001
Train epoch 139: MCLoss=0.0, EILoss=0.0, BufferReplayLoss=0.0, TotalLoss=0.001
Train epoch 140: MCLoss=0.0, EILoss=0.0, BufferReplayLoss=0.0, TotalLoss=0.001
Train epoch 141: MCLoss=0.0, EILoss=0.0, BufferReplayLoss=0.0, TotalLoss=0.001
Train epoch 142: MCLoss=0.0, EILoss=0.0, BufferReplayLoss=0.0, TotalLoss=0.001
Train epoch 143: MCLoss=0.0, EILoss=0.0, BufferReplayLoss=0.0, TotalLoss=0.001
Train epoch 144: MCLoss=0.0, EILoss=0.0, BufferReplayLoss=0.0, TotalLoss=0.001
Train epoch 145: MCLoss=0.0, EILoss=0.0, BufferReplayLoss=0.0, TotalLoss=0.001
Train epoch 146: MCLoss=0.0, EILoss=0.0, BufferReplayLoss=0.0, TotalLoss=0.001
Train epoch 147: MCLoss=0.0, EILoss=0.0, BufferReplayLoss=0.0, TotalLoss=0.001
Train epoch 148: MCLoss=0.0, EILoss=0.0, BufferReplayLoss=0.0, TotalLoss=0.001
Train epoch 149: MCLoss=0.0, EILoss=0.0, BufferReplayLoss=0.0, TotalLoss=0.001
{
  "arm": "ER+EI",
  "N_buf": 4,
  "seed": 1,
  "PSNR_T1": 29.25180435180664,
  "PSNR_T2": 26.704883575439453,
  "Avg": 27.978343963623047,
  "Fgt": -2.6266002655029297
}

Wrote /workspace/experiments/cvpr_stage0_er_ei/recorded_smoke/seed1_grid/nbuf4/metrics_nbuf4_seed1.csv
Wrote /workspace/experiments/cvpr_stage0_er_ei/recorded_smoke/seed1_grid/nbuf4/metrics_nbuf4_seed1.json
go/kill: {
  "verdict": "INCONCLUSIVE",
  "reason": "ER+EI Fgt is not better than ER+MC on the N_buf values that were run; run N_buf=4 to apply the kill rule on both N.",
  "comparisons": [
    {
      "N_buf": 4,
      "Fgt_ER+EI": -2.6266002655029297,
      "Fgt_ER+MC": -2.955164909362793,
      "Fgt_Fine-tune": -1.8329706192016602,
      "ER+EI_better_Fgt_than_ER+MC": false,
      "delta_Fgt_MC_minus_EI": -0.3285646438598633
    }
  ],
  "n_buf_observed": [
    4
  ],
  "grid_complete": false,
  "note": "Go/kill is defined on Fgt after T2 (lower is better). Tiny CPU smokes verify the pipeline; they are not a science decision."
}
grid go/kill: {
  "verdict": "KILL",
  "reason": "ER+EI Fgt is not better than ER+MC at both N_buf=1 and N_buf=4.",
  "comparisons": [
    {
      "N_buf": 1,
      "Fgt_ER+EI": -2.5650367736816406,
      "Fgt_ER+MC": -2.8471145629882812,
      "Fgt_Fine-tune": -1.8329706192016602,
      "ER+EI_better_Fgt_than_ER+MC": false,
      "delta_Fgt_MC_minus_EI": -0.2820777893066406
    },
    {
      "N_buf": 4,
      "Fgt_ER+EI": -2.6266002655029297,
      "Fgt_ER+MC": -2.955164909362793,
      "Fgt_Fine-tune": -1.8329706192016602,
      "ER+EI_better_Fgt_than_ER+MC": false,
      "delta_Fgt_MC_minus_EI": -0.3285646438598633
    }
  ],
  "n_buf_observed": [
    1,
    4
  ],
  "grid_complete": true,
  "note": "Go/kill is defined on Fgt after T2 (lower is better). Tiny CPU smokes verify the pipeline; they are not a science decision."
}
device=cpu elapsed_sec=1802.2
